[{"model": "admin.logentry", "pk": 1, "fields": {"action_time": "2025-03-16T09:14:01.492Z", "user": 1, "content_type": 9, "object_id": "1", "object_repr": "BEAM", "action_flag": 1, "change_message": "[{\"added\": {}}]"}}, {"model": "admin.logentry", "pk": 2, "fields": {"action_time": "2025-03-16T09:14:46.488Z", "user": 1, "content_type": 9, "object_id": "2", "object_repr": "TOPBEAM", "action_flag": 1, "change_message": "[{\"added\": {}}]"}}, {"model": "admin.logentry", "pk": 3, "fields": {"action_time": "2025-03-16T09:14:57.128Z", "user": 1, "content_type": 9, "object_id": "3", "object_repr": "WARP", "action_flag": 1, "change_message": "[{\"added\": {}}]"}}, {"model": "admin.logentry", "pk": 4, "fields": {"action_time": "2025-03-16T09:15:04.504Z", "user": 1, "content_type": 9, "object_id": "4", "object_repr": "TOPWARP", "action_flag": 1, "change_message": "[{\"added\": {}}]"}}, {"model": "admin.logentry", "pk": 5, "fields": {"action_time": "2025-03-16T09:15:11.841Z", "user": 1, "content_type": 9, "object_id": "5", "object_repr": "METER", "action_flag": 1, "change_message": "[{\"added\": {}}]"}}, {"model": "admin.logentry", "pk": 6, "fields": {"action_time": "2025-03-16T09:16:31.094Z", "user": 1, "content_type": 9, "object_id": "6", "object_repr": "KILO", "action_flag": 1, "change_message": "[{\"added\": {}}]"}}, {"model": "admin.logentry", "pk": 7, "fields": {"action_time": "2025-03-16T09:16:39.846Z", "user": 1, "content_type": 9, "object_id": "7", "object_repr": "BAG", "action_flag": 1, "change_message": "[{\"added\": {}}]"}}, {"model": "admin.logentry", "pk": 8, "fields": {"action_time": "2025-03-26T09:09:18.255Z", "user": 1, "content_type": 4, "object_id": "2", "object_repr": "murugan", "action_flag": 1, "change_message": "[{\"added\": {}}]"}}, {"model": "admin.logentry", "pk": 9, "fields": {"action_time": "2025-04-08T01:30:54.711Z", "user": 1, "content_type": 8, "object_id": "2", "object_repr": "2025-03-01", "action_flag": 3, "change_message": ""}}, {"model": "admin.logentry", "pk": 10, "fields": {"action_time": "2025-04-08T01:30:54.711Z", "user": 1, "content_type": 8, "object_id": "1", "object_repr": "2025-03-01", "action_flag": 3, "change_message": ""}}, {"model": "admin.logentry", "pk": 11, "fields": {"action_time": "2025-04-08T01:50:28.765Z", "user": 1, "content_type": 8, "object_id": "3", "object_repr": "2025-03-01", "action_flag": 2, "change_message": "[{\"changed\": {\"fields\": [\"Paid\"]}}]"}}, {"model": "admin.logentry", "pk": 12, "fields": {"action_time": "2025-04-08T02:00:37.822Z", "user": 1, "content_type": 8, "object_id": "3", "object_repr": "2025-03-01", "action_flag": 2, "change_message": "[{\"changed\": {\"fields\": [\"Paid\"]}}]"}}, {"model": "admin.logentry", "pk": 13, "fields": {"action_time": "2025-04-08T05:34:38.251Z", "user": 1, "content_type": 8, "object_id": "3", "object_repr": "2025-03-01", "action_flag": 2, "change_message": "[{\"changed\": {\"fields\": [\"Party\"]}}]"}}, {"model": "auth.user", "pk": 1, "fields": {"password": "pbkdf2_sha256$870000$VxV90fDHuH6E4Zqwwe3BK0$d9VF13dl4SG0WQRu/ygyU6FMpuN87aXJw+k9BPBPyxA=", "last_login": "2025-04-11T15:50:24.797Z", "is_superuser": true, "username": "kavin", "first_name": "", "last_name": "", "email": "", "is_staff": true, "is_active": true, "date_joined": "2025-03-16T05:50:51.083Z", "groups": [], "user_permissions": []}}, {"model": "auth.user", "pk": 2, "fields": {"password": "pbkdf2_sha256$870000$r6skqOZEGFfh6I8am6e6xt$YzbOYLyfKqklBw/bmVH/d4EGdWoXo4Pj8ztOsnH4CKk=", "last_login": "2025-03-26T12:05:29.363Z", "is_superuser": false, "username": "murugan", "first_name": "", "last_name": "", "email": "", "is_staff": false, "is_active": true, "date_joined": "2025-03-26T09:09:15.360Z", "groups": [], "user_permissions": []}}, {"model": "sessions.session", "pk": "1dhqqj7eduq7pawavnh1zvgm3rg5rdoc", "fields": {"session_data": ".eJxVjDsOwjAQBe_iGlm2k3htSnrOYO1POIASKU4qxN0hUgpo38y8lym4rbVsTZcyijkbb06_GyE_dNqB3HG6zZbnaV1GsrtiD9rsdRZ9Xg7376Biq986IoHnwMLBe4yDslAAN6SY2LmM0EnKmLxGQoAInYojwggKWXrtzfsD7g44Mg:1u2etG:9QWRI1MPLEt1iX_8wsHBpIJuvrXHRMlsTChIxIy_NrQ", "expire_date": "2025-04-23T23:31:30.261Z"}}, {"model": "sessions.session", "pk": "8ojvioso5r377cv666uo2zhhe6d9tap6", "fields": {"session_data": ".eJxVjDsOwjAQBe_iGlnxB38o6XMGa-3dxQHkSHFSIe4OkVJA-2bmvUSCba1p67SkCcVFaHH63TKUB7Ud4B3abZZlbusyZbkr8qBdjjPS83q4fwcVev3W7GFQJnoOjihocmgQimVmd4boszFsgg6EPNhsM1Lh4iNlVlZpb0G8PwgGOQg:1txMmV:F4YQJsp_Ib5nCIsWXvWqPuL2CZKb8cxaHtWlw4xUzEc", "expire_date": "2025-04-09T09:10:39.659Z"}}, {"model": "sessions.session", "pk": "92ghh6h4xfqodnyw2ly7pmnr3xmrgpc9", "fields": {"session_data": ".eJxVjDsOwjAQBe_iGlnxB38o6XMGa-3dxQHkSHFSIe4OkVJA-2bmvUSCba1p67SkCcVFaHH63TKUB7Ud4B3abZZlbusyZbkr8qBdjjPS83q4fwcVev3W7GFQJnoOjihocmgQimVmd4boszFsgg6EPNhsM1Lh4iNlVlZpb0G8PwgGOQg:1txMq1:kCuvtoVmvNQIgwqvhKwrr4DQL61CmDNo5AHM2PK6fdY", "expire_date": "2025-04-09T09:14:17.852Z"}}, {"model": "sessions.session", "pk": "bmhyydqt941xqn4r2w5r48wip83ac0pd", "fields": {"session_data": ".eJxVjDsOwjAQBe_iGlm2k3htSnrOYO1POIASKU4qxN0hUgpo38y8lym4rbVsTZcyijkbb06_GyE_dNqB3HG6zZbnaV1GsrtiD9rsdRZ9Xg7376Biq986IoHnwMLBe4yDslAAN6SY2LmM0EnKmLxGQoAInYojwggKWXrtzfsD7g44Mg:1u1xlw:hGph0OwlJP7aJy7ft1bID3ZE79WZKTnzTXI7sjfRUYs", "expire_date": "2025-04-22T01:29:04.121Z"}}, {"model": "sessions.session", "pk": "dpnr332ex2gvyn060274n7ck4eq8jet4", "fields": {"session_data": ".eJxVjDsOwjAQBe_iGlnxB38o6XMGa-3dxQHkSHFSIe4OkVJA-2bmvUSCba1p67SkCcVFaHH63TKUB7Ud4B3abZZlbusyZbkr8qBdjjPS83q4fwcVev3W7GFQJnoOjihocmgQimVmd4boszFsgg6EPNhsM1Lh4iNlVlZpb0G8PwgGOQg:1txMmY:8GJzXsfR4lplIM1j35BvxzxFnJdOVOWhXmZA7A6RvCM", "expire_date": "2025-04-09T09:10:42.159Z"}}, {"model": "sessions.session", "pk": "e0jqtggtnh0r681g0115prv3skmbe8jg", "fields": {"session_data": ".eJxVjDsOwjAQBe_iGlm2k3htSnrOYO1POIASKU4qxN0hUgpo38y8lym4rbVsTZcyijkbb06_GyE_dNqB3HG6zZbnaV1GsrtiD9rsdRZ9Xg7376Biq986IoHnwMLBe4yDslAAN6SY2LmM0EnKmLxGQoAInYojwggKWXrtzfsD7g44Mg:1ttgtq:5ZcpKpMoJBw1CnDMUD4GBA9lFZik8Q1JXxDN4mVI4kY", "expire_date": "2025-03-30T05:51:02.351Z"}}, {"model": "sessions.session", "pk": "h5c7j1vjecw3jkz97wm57m8quwu5n325", "fields": {"session_data": ".eJxVjDsOwjAQBe_iGlm2k3htSnrOYO1POIASKU4qxN0hUgpo38y8lym4rbVsTZcyijkbb06_GyE_dNqB3HG6zZbnaV1GsrtiD9rsdRZ9Xg7376Biq986IoHnwMLBe4yDslAAN6SY2LmM0EnKmLxGQoAInYojwggKWXrtzfsD7g44Mg:1u3Ge8:7dn3qoq1JuGffo8EjJEDo7QOTPR3npKtFoKg1mqc1O8", "expire_date": "2025-04-25T15:50:24.801Z"}}, {"model": "sessions.session", "pk": "m75s43t17dnyhdmt3uhhf03ex3251l5d", "fields": {"session_data": ".eJxVjDsOwjAQBe_iGlnxB38o6XMGa-3dxQHkSHFSIe4OkVJA-2bmvUSCba1p67SkCcVFaHH63TKUB7Ud4B3abZZlbusyZbkr8qBdjjPS83q4fwcVev3W7GFQJnoOjihocmgQimVmd4boszFsgg6EPNhsM1Lh4iNlVlZpb0G8PwgGOQg:1txMma:aro30uSvG9rQGN86Dg9oIMzigak3iSJNR6LNzggQYN8", "expire_date": "2025-04-09T09:10:44.568Z"}}, {"model": "sessions.session", "pk": "raingxrgwanc3vlwfuihi82x56hqzhkv", "fields": {"session_data": ".eJxVjEsOwiAUAO_C2hAeyM-l-56BwHsgVUOT0q6Md1eSLnQ7M5kXC3Hfath7XsNM7MKAnX5ZivjIbQi6x3ZbOC5tW-fER8IP2_m0UH5ej_ZvUGOvY_tNjbLnRFqUaMFh0h6sAjQkEpjioswIAnNyXkmSVnmrlQPrsMii2fsD5SQ3nw:1txMNH:MY7EvfvgAIzib_MkN5P3cfeyIfrupNG91wYbT8yR62U", "expire_date": "2025-04-09T08:44:35.323Z"}}, {"model": "sessions.session", "pk": "wy7by9pwyokubuzeykigqbeflazqmoc2", "fields": {"session_data": ".eJxVjDsOwjAQBe_iGlnxB38o6XMGa-3dxQHkSHFSIe4OkVJA-2bmvUSCba1p67SkCcVFaHH63TKUB7Ud4B3abZZlbusyZbkr8qBdjjPS83q4fwcVev3W7GFQJnoOjihocmgQimVmd4boszFsgg6EPNhsM1Lh4iNlVlZpb0G8PwgGOQg:1txPVh:WWJ6ge7k4R6uIB6inpKko3B-akjPNXJX4XXwcekn7xI", "expire_date": "2025-04-09T12:05:29.366Z"}}, {"model": "sessions.session", "pk": "x6dejb89uxi0wwxad9i42gln4jubnryu", "fields": {"session_data": ".eJxVjDsOwjAQBe_iGlm2k3htSnrOYO1POIASKU4qxN0hUgpo38y8lym4rbVsTZcyijkbb06_GyE_dNqB3HG6zZbnaV1GsrtiD9rsdRZ9Xg7376Biq986IoHnwMLBe4yDslAAN6SY2LmM0EnKmLxGQoAInYojwggKWXrtzfsD7g44Mg:1txMhk:o6Qa6TS3ybQEBbXtMBv3dlCqjRHGqnxteBSlw_bKQoQ", "expire_date": "2025-04-09T09:05:44.158Z"}}, {"model": "main.party", "pk": 18, "fields": {"name": "SEETHA TEX ", "location": "SIRUVALUR", "phone": "9500547532", "gst": ""}}, {"model": "main.party", "pk": 19, "fields": {"name": "SIVA TEX", "location": "SIRUVALUR ", "phone": "9790508155", "gst": ""}}, {"model": "main.party", "pk": 20, "fields": {"name": "JS TEX", "location": "SIRUVALUR ", "phone": "9994578244", "gst": ""}}, {"model": "main.party", "pk": 21, "fields": {"name": "SUN TEX", "location": "SIRUVALUR ", "phone": "9578228228", "gst": ""}}, {"model": "main.party", "pk": 22, "fields": {"name": "VINAYAKA VEERAPPAN TEX", "location": "SIRUVALUR ", "phone": "9865676086", "gst": ""}}, {"model": "main.party", "pk": 23, "fields": {"name": "SIVAN TEX", "location": "APPUCHI MADAM", "phone": "9788852815", "gst": ""}}, {"model": "main.party", "pk": 24, "fields": {"name": "SOMU TEX ", "location": "VETTAIYANKINARU", "phone": "9942071757", "gst": ""}}, {"model": "main.party", "pk": 25, "fields": {"name": "SRI TEX  ", "location": "KARUCHIPALAIYAM", "phone": "8946052029", "gst": ""}}, {"model": "main.party", "pk": 26, "fields": {"name": "S PALANISAMY", "location": "VETTAIYANKINARU", "phone": "8883108238", "gst": ""}}, {"model": "main.party", "pk": 27, "fields": {"name": "T C M TEX", "location": "THINGALUR", "phone": "9442233378", "gst": ""}}, {"model": "main.party", "pk": 28, "fields": {"name": "SURESH ADHITHIYA TEX", "location": "THINGALUR", "phone": "", "gst": ""}}, {"model": "main.party", "pk": 29, "fields": {"name": "PERIYANAYAKI TEX ", "location": "THINGALUR", "phone": "8760518008", "gst": ""}}, {"model": "main.party", "pk": 30, "fields": {"name": "NAMBI TEX ", "location": "THINGALUR", "phone": "8778162278", "gst": ""}}, {"model": "main.party", "pk": 31, "fields": {"name": "BALAMURUGAN TEX", "location": "THINGALUR", "phone": "9942827079", "gst": ""}}, {"model": "main.party", "pk": 32, "fields": {"name": "ANNAI TEX", "location": "THINGALUR", "phone": "", "gst": ""}}, {"model": "main.party", "pk": 33, "fields": {"name": "ARULMURUGAN TEX", "location": "THINGALUR ", "phone": "9578581189", "gst": ""}}, {"model": "main.party", "pk": 34, "fields": {"name": "MARIAMMAN TEX ", "location": "THINGALUR ", "phone": "9943624853", "gst": ""}}, {"model": "main.party", "pk": 35, "fields": {"name": "MEERA TEX", "location": "THINGALUR", "phone": "9944335678", "gst": ""}}, {"model": "main.party", "pk": 36, "fields": {"name": "THANGAVELL TEX", "location": "PAPAMPALAIYAM ", "phone": "", "gst": ""}}, {"model": "main.party", "pk": 37, "fields": {"name": "T V V TEx", "location": "THINGALUR ", "phone": "9942933339", "gst": ""}}, {"model": "main.party", "pk": 39, "fields": {"name": "JAISAKTHI TEX ", "location": "PAPAMPALAIYAM ", "phone": "", "gst": ""}}, {"model": "main.party", "pk": 40, "fields": {"name": "VTS KUMARAN TEX ", "location": "KARATTUR", "phone": "", "gst": ""}}, {"model": "main.party", "pk": 41, "fields": {"name": " VTS VELAVA TEX", "location": "KARATTUR ", "phone": "8270169599", "gst": ""}}, {"model": "main.party", "pk": 42, "fields": {"name": "K C D TEX", "location": "KARATTUR", "phone": "9442233478", "gst": ""}}, {"model": "main.party", "pk": 43, "fields": {"name": "K B NIKKITHA TEX", "location": "KARATTUR ", "phone": "8883468855", "gst": ""}}, {"model": "main.party", "pk": 44, "fields": {"name": "MYIL TEX", "location": "KARATTUR ", "phone": "8489364273", "gst": ""}}, {"model": "main.party", "pk": 45, "fields": {"name": "K K D TEX", "location": "KARATTUR ", "phone": "9942054259", "gst": ""}}, {"model": "main.party", "pk": 46, "fields": {"name": "K P K TEX", "location": "KARATTUR ", "phone": "9788715798", "gst": ""}}, {"model": "main.party", "pk": 47, "fields": {"name": "M V TEX", "location": "KARATTUR ", "phone": "", "gst": ""}}, {"model": "main.party", "pk": 48, "fields": {"name": "NAGARAJ TEX", "location": "KARTTUR", "phone": "9750823711", "gst": ""}}, {"model": "main.party", "pk": 49, "fields": {"name": "ANBU TEX", "location": "GRAYNAGAR", "phone": "9788655054", "gst": ""}}, {"model": "main.party", "pk": 50, "fields": {"name": "MAGIL TEX", "location": "GRAYNAGAR", "phone": "9965063191", "gst": ""}}, {"model": "main.party", "pk": 51, "fields": {"name": "K R GOPAL TEX", "location": "KINIPALAIYAM", "phone": "9688123338", "gst": ""}}, {"model": "main.party", "pk": 52, "fields": {"name": "K C MOHAN TEX", "location": "KINIPALAIYAM", "phone": "9865954920", "gst": ""}}, {"model": "main.party", "pk": 53, "fields": {"name": "K S RAMESH TEX", "location": "KINIPALAIYAM ", "phone": "8667504494", "gst": ""}}, {"model": "main.party", "pk": 54, "fields": {"name": "YAKSHITHA TEX", "location": "KARANDIPALAIAYAM ", "phone": "", "gst": ""}}, {"model": "main.party", "pk": 55, "fields": {"name": "TKT TAMIL", "location": "KINIPALAIYAM ", "phone": "9865155578", "gst": ""}}, {"model": "main.party", "pk": 56, "fields": {"name": "SHANMUGA TEX", "location": "KARANDIPALAIAYAM ", "phone": "8668046589", "gst": ""}}, {"model": "main.party", "pk": 57, "fields": {"name": "K N PALANISAMY ", "location": "KINIPALAIYAM ", "phone": "", "gst": ""}}, {"model": "main.party", "pk": 58, "fields": {"name": "T K T MOORTHY TEX", "location": "KARANDIPALAIAYAM ", "phone": "9092551639", "gst": ""}}, {"model": "main.party", "pk": 59, "fields": {"name": "D D K TEX ", "location": "PERIYAVEERASANGILI", "phone": "9952258888", "gst": ""}}, {"model": "main.party", "pk": 60, "fields": {"name": "PRASANTH TEX ", "location": "KAIKOLPALAIYAM", "phone": "", "gst": ""}}, {"model": "main.party", "pk": 61, "fields": {"name": "KKP RAMESH TEX ", "location": "KAIKOLPALAIYAM", "phone": "9952711219", "gst": ""}}, {"model": "main.party", "pk": 62, "fields": {"name": "M R TEX", "location": "KARATTUR", "phone": "", "gst": ""}}, {"model": "main.party", "pk": 63, "fields": {"name": "OM SAIRAM TEX", "location": "KARATTUR", "phone": "9884125185", "gst": ""}}, {"model": "main.party", "pk": 64, "fields": {"name": "GOVINTH TEX", "location": "GANAPATHIPALAIYAM", "phone": "9788090900", "gst": ""}}, {"model": "main.party", "pk": 67, "fields": {"name": "K.M.MURUGESTEX", "location": "KARANDIPALAYAM", "phone": "9486748225", "gst": ""}}, {"model": "main.party", "pk": 68, "fields": {"name": "MEEMACHI TEX", "location": "SIRUVALUR", "phone": "7904840397", "gst": ""}}, {"model": "main.party", "pk": 69, "fields": {"name": "MAYIL TEX", "location": "KARATTUR", "phone": "9965691273", "gst": ""}}, {"model": "main.party", "pk": 70, "fields": {"name": "GURU TEX", "location": "KALLIYAMPUTHUR", "phone": "9894552605", "gst": ""}}, {"model": "main.party", "pk": 71, "fields": {"name": "ANPU TEX", "location": "KARATTUR", "phone": "9788655054", "gst": ""}}, {"model": "main.party", "pk": 72, "fields": {"name": "CINNASAMY TEX", "location": "THINGALUR", "phone": "", "gst": ""}}, {"model": "main.party", "pk": 73, "fields": {"name": "K.C.D TEX", "location": "KARATTUR", "phone": "9442233478", "gst": ""}}, {"model": "main.party", "pk": 74, "fields": {"name": "KUMARAN  TRADERS", "location": "THINGALUR", "phone": "7373553337", "gst": ""}}, {"model": "main.party", "pk": 76, "fields": {"name": "LAKSHMI TEX", "location": "THINGALUR", "phone": "9444465778", "gst": ""}}, {"model": "main.party", "pk": 77, "fields": {"name": "SARAVANA RAPER", "location": "SENAPURAM", "phone": "9942245499", "gst": ""}}, {"model": "main.party", "pk": 78, "fields": {"name": "K.K.P.RAMESH", "location": "KAIKOLAPALAYAM", "phone": "9952711219", "gst": ""}}, {"model": "main.party", "pk": 79, "fields": {"name": "MURUGAN   TEX", "location": "SIRUVALUR", "phone": "8056988662", "gst": ""}}, {"model": "main.party", "pk": 80, "fields": {"name": "MAKI  TEX", "location": "PAPPAMPALAYAM", "phone": "8428231001", "gst": ""}}, {"model": "main.party", "pk": 81, "fields": {"name": "SAIRAM TEX P.P.M", "location": "PALLIPALAYAM", "phone": "", "gst": ""}}, {"model": "main.party", "pk": 82, "fields": {"name": "VELAVAN TEX", "location": "SENAPURAM", "phone": "7373711428", "gst": ""}}, {"model": "main.party", "pk": 83, "fields": {"name": "SAKTHIMURUGAN TEX", "location": "KARATTUR", "phone": "9715510752", "gst": ""}}, {"model": "main.party", "pk": 85, "fields": {"name": "FINE TEX", "location": "SOMANUR", "phone": "", "gst": ""}}, {"model": "main.party", "pk": 86, "fields": {"name": "VELMURUGAN TEX", "location": "SENAPUTAM", "phone": "9750036135", "gst": ""}}, {"model": "main.party", "pk": 87, "fields": {"name": "MUTHUVEL TEX", "location": "SENAPURAM", "phone": "", "gst": ""}}, {"model": "main.party", "pk": 88, "fields": {"name": "SAJITHA", "location": "PAPPAMPALAYAM", "phone": "9976480699", "gst": ""}}, {"model": "main.party", "pk": 89, "fields": {"name": "V V K TEX", "location": "VELAMPALAYAM", "phone": "9942518403", "gst": ""}}, {"model": "main.party", "pk": 91, "fields": {"name": "MADHURA TEX", "location": "KARATTUR", "phone": "", "gst": ""}}, {"model": "main.party", "pk": 92, "fields": {"name": "MAYIL SAMY TEX", "location": "A G P", "phone": "9486048362", "gst": ""}}, {"model": "main.party", "pk": 93, "fields": {"name": "SELVAM TEX", "location": "BAPPAMPALAYAM", "phone": "9443294156", "gst": ""}}, {"model": "main.party", "pk": 94, "fields": {"name": "K R L TEX", "location": "VELAMPALAYAM", "phone": "8089658163", "gst": ""}}, {"model": "main.party", "pk": 95, "fields": {"name": "GOWTHAM TEX", "location": "KARATTUR", "phone": "9942119602", "gst": ""}}, {"model": "main.party", "pk": 96, "fields": {"name": "MOORTHI TEX", "location": "KARATTUR", "phone": "9976184444", "gst": ""}}, {"model": "main.party", "pk": 97, "fields": {"name": "POOVENDRAN", "location": "KARATTUR", "phone": "9095369099", "gst": ""}}, {"model": "main.party", "pk": 98, "fields": {"name": "GOPAL SAKTHIMURUGAN", "location": "VIJAYAMANGALAM", "phone": "9865239830", "gst": ""}}, {"model": "main.party", "pk": 99, "fields": {"name": "DHAMU", "location": "GOVAI", "phone": "9842097722", "gst": ""}}, {"model": "main.driver", "pk": 1, "fields": {"name": "LOGESH", "phone": "9047343529"}}, {"model": "main.driver", "pk": 2, "fields": {"name": "ANANDH ", "phone": "8148075791"}}, {"model": "main.driver", "pk": 3, "fields": {"name": "GIRI", "phone": "8056817382"}}, {"model": "main.driver", "pk": 4, "fields": {"name": "DINESH ", "phone": "8838784416"}}, {"model": "main.driver", "pk": 5, "fields": {"name": "TAMIL", "phone": "9047169660"}}, {"model": "main.driver", "pk": 6, "fields": {"name": "VIJAY", "phone": "8344629524"}}, {"model": "main.driver", "pk": 7, "fields": {"name": "RASU", "phone": "9715510752"}}, {"model": "main.driver", "pk": 8, "fields": {"name": "RAMESH", "phone": "9965551118"}}, {"model": "main.vehicle", "pk": 1, "fields": {"name": "TN 40 X 7040", "number": "TATA ACE", "company": null}}, {"model": "main.vehicle", "pk": 2, "fields": {"name": "TN 39 CL 0943", "number": "DOST", "company": null}}, {"model": "main.vehicle", "pk": 3, "fields": {"name": "TN 39 CZ 2719", "number": "DOST", "company": null}}, {"model": "main.vehicle", "pk": 4, "fields": {"name": "TN 56 C 6579", "number": "PICKUP", "company": null}}, {"model": "main.vehicle", "pk": 5, "fields": {"name": "TN 56 R 3683", "number": "DOST", "company": null}}, {"model": "main.vehicle", "pk": 6, "fields": {"name": "TN 42 M 0482", "number": "DOST", "company": null}}, {"model": "main.item", "pk": 1, "fields": {"name": "BEAM"}}, {"model": "main.item", "pk": 2, "fields": {"name": "TOPBEAM"}}, {"model": "main.item", "pk": 3, "fields": {"name": "WARP"}}, {"model": "main.item", "pk": 4, "fields": {"name": "TOPWARP"}}, {"model": "main.item", "pk": 5, "fields": {"name": "METER"}}, {"model": "main.item", "pk": 6, "fields": {"name": "KILO"}}, {"model": "main.item", "pk": 7, "fields": {"name": "BAG"}}, {"model": "main.entry", "pk": 3, "fields": {"date": "2025-03-09", "customer_from": "RANGANAYAGI", "customer_to": "TEX", "party": 68, "vehicle": 2, "driver": 2, "total": "1100.0", "no_of_invoices": 0}}, {"model": "main.entry", "pk": 5, "fields": {"date": "2025-03-09", "customer_from": "SUNILWARPING", "customer_to": "TEX", "party": 53, "vehicle": 2, "driver": 2, "total": "200.0", "no_of_invoices": 0}}, {"model": "main.entry", "pk": 6, "fields": {"date": "2025-03-09", "customer_from": "OMMURUGA", "customer_to": "TEX", "party": 53, "vehicle": 2, "driver": 2, "total": "400.0", "no_of_invoices": 0}}, {"model": "main.entry", "pk": 7, "fields": {"date": "2025-03-09", "customer_from": "Jayamurugan", "customer_to": "Tex", "party": 63, "vehicle": 2, "driver": 2, "total": "400.0", "no_of_invoices": 0}}, {"model": "main.entry", "pk": 8, "fields": {"date": "2025-03-09", "customer_from": "TEX", "customer_to": "WEAVER", "party": 46, "vehicle": 2, "driver": 2, "total": "250.0", "no_of_invoices": 0}}, {"model": "main.entry", "pk": 9, "fields": {"date": "2025-03-10", "customer_from": "TEX", "customer_to": "VELAVAN ", "party": 69, "vehicle": 2, "driver": 4, "total": "400.0", "no_of_invoices": 0}}, {"model": "main.entry", "pk": 10, "fields": {"date": "2025-03-10", "customer_from": "TEX", "customer_to": "RANGANAYAGI", "party": 64, "vehicle": 2, "driver": 3, "total": "300.0", "no_of_invoices": 0}}, {"model": "main.entry", "pk": 11, "fields": {"date": "2025-03-10", "customer_from": "TEX", "customer_to": "RANGANAYAGI", "party": 45, "vehicle": 2, "driver": 3, "total": "600.0", "no_of_invoices": 0}}, {"model": "main.entry", "pk": 12, "fields": {"date": "2025-03-10", "customer_from": "OMMURUGA", "customer_to": "TEX", "party": 69, "vehicle": 2, "driver": 3, "total": "400.0", "no_of_invoices": 0}}, {"model": "main.entry", "pk": 13, "fields": {"date": "2025-03-10", "customer_from": "RANGANAYAGI", "customer_to": "TEX", "party": 70, "vehicle": 2, "driver": 3, "total": "400.0", "no_of_invoices": 0}}, {"model": "main.entry", "pk": 14, "fields": {"date": "2025-03-10", "customer_from": "RANGANAYAGI", "customer_to": "TEX", "party": 71, "vehicle": 2, "driver": 2, "total": "800.0", "no_of_invoices": 0}}, {"model": "main.entry", "pk": 15, "fields": {"date": "2025-03-11", "customer_from": "V.S.P", "customer_to": "TEX", "party": 72, "vehicle": 2, "driver": 2, "total": "600.0", "no_of_invoices": 0}}, {"model": "main.entry", "pk": 16, "fields": {"date": "2025-03-11", "customer_from": "VENGATESWARA", "customer_to": "TEX", "party": 58, "vehicle": 2, "driver": 2, "total": "700.0", "no_of_invoices": 0}}, {"model": "main.entry", "pk": 17, "fields": {"date": "2025-03-11", "customer_from": "VENGATESWARA", "customer_to": "TEX", "party": 55, "vehicle": 2, "driver": 2, "total": "400.0", "no_of_invoices": 0}}, {"model": "main.entry", "pk": 18, "fields": {"date": "2025-03-11", "customer_from": "V.S,P", "customer_to": "TEX", "party": 73, "vehicle": 2, "driver": 2, "total": "400.0", "no_of_invoices": 0}}, {"model": "main.entry", "pk": 19, "fields": {"date": "2025-03-11", "customer_from": "Tex ", "customer_to": "Arasu ", "party": 26, "vehicle": 2, "driver": 2, "total": "700.0", "no_of_invoices": 0}}, {"model": "main.entry", "pk": 20, "fields": {"date": "2025-03-12", "customer_from": "Arasu ", "customer_to": "Tex ", "party": 26, "vehicle": 2, "driver": 2, "total": "900.0", "no_of_invoices": 0}}, {"model": "main.entry", "pk": 21, "fields": {"date": "2025-03-12", "customer_from": "SGT", "customer_to": "TEX ", "party": 63, "vehicle": 2, "driver": 2, "total": "400.0", "no_of_invoices": 0}}, {"model": "main.entry", "pk": 22, "fields": {"date": "2025-03-12", "customer_from": "TEX ", "customer_to": "V. S. P", "party": 23, "vehicle": 2, "driver": 2, "total": "600.0", "no_of_invoices": 0}}, {"model": "main.entry", "pk": 23, "fields": {"date": "2025-03-12", "customer_from": "TEX ", "customer_to": "Ommuruga ", "party": 53, "vehicle": 2, "driver": 2, "total": "300.0", "no_of_invoices": 0}}, {"model": "main.entry", "pk": 24, "fields": {"date": "2025-03-12", "customer_from": "Nikes ", "customer_to": "Amaiyappa ", "party": 33, "vehicle": 2, "driver": 2, "total": "300.0", "no_of_invoices": 0}}, {"model": "main.entry", "pk": 25, "fields": {"date": "2025-03-12", "customer_from": "TEX ", "customer_to": "Amaiyappa ", "party": 33, "vehicle": 2, "driver": 2, "total": "300.0", "no_of_invoices": 0}}, {"model": "main.entry", "pk": 26, "fields": {"date": "2025-03-12", "customer_from": "V. S. P", "customer_to": "TEX ", "party": 73, "vehicle": 2, "driver": 2, "total": "400.0", "no_of_invoices": 0}}, {"model": "main.entry", "pk": 27, "fields": {"date": "2025-03-12", "customer_from": "Jayamuruga ", "customer_to": "TEX ", "party": 63, "vehicle": 2, "driver": 2, "total": "400.0", "no_of_invoices": 0}}, {"model": "main.entry", "pk": 28, "fields": {"date": "2025-03-12", "customer_from": "Vengateswara ", "customer_to": "TEX ", "party": 58, "vehicle": 2, "driver": 2, "total": "400.0", "no_of_invoices": 0}}, {"model": "main.entry", "pk": 29, "fields": {"date": "2025-03-12", "customer_from": "SGT", "customer_to": "TEX ", "party": 29, "vehicle": 2, "driver": 3, "total": "350.0", "no_of_invoices": 0}}, {"model": "main.entry", "pk": 30, "fields": {"date": "2025-03-13", "customer_from": "SGT+K. P. M", "customer_to": "TEX ", "party": 63, "vehicle": 2, "driver": 2, "total": "400.0", "no_of_invoices": 0}}, {"model": "main.entry", "pk": 31, "fields": {"date": "2025-03-13", "customer_from": "TEX", "customer_to": "MAURA+SARAVANA", "party": 74, "vehicle": 2, "driver": 2, "total": "1000.0", "no_of_invoices": 0}}, {"model": "main.entry", "pk": 32, "fields": {"date": "2025-03-13", "customer_from": "TEX", "customer_to": "VENGATESWARA", "party": 58, "vehicle": 2, "driver": 2, "total": "300.0", "no_of_invoices": 0}}, {"model": "main.entry", "pk": 33, "fields": {"date": "2025-03-13", "customer_from": "OMMURUGA ", "customer_to": "VENGATESWARA", "party": 76, "vehicle": 2, "driver": 2, "total": "300.0", "no_of_invoices": 0}}, {"model": "main.entry", "pk": 34, "fields": {"date": "2025-03-13", "customer_from": "SUPRAMANI", "customer_to": "TEX", "party": 41, "vehicle": 2, "driver": 2, "total": "450.0", "no_of_invoices": 0}}, {"model": "main.entry", "pk": 35, "fields": {"date": "2025-03-13", "customer_from": "THANGAM", "customer_to": "TEX", "party": 62, "vehicle": 2, "driver": 2, "total": "350.0", "no_of_invoices": 0}}, {"model": "main.entry", "pk": 36, "fields": {"date": "2025-03-13", "customer_from": "MAYAVAN", "customer_to": "TEX", "party": 47, "vehicle": 2, "driver": 2, "total": "800.0", "no_of_invoices": 0}}, {"model": "main.entry", "pk": 37, "fields": {"date": "2025-03-14", "customer_from": "TEX", "customer_to": "OMMURUGA", "party": 76, "vehicle": 2, "driver": 2, "total": "300.0", "no_of_invoices": 0}}, {"model": "main.entry", "pk": 38, "fields": {"date": "2025-03-14", "customer_from": "RANGANAYAGI", "customer_to": "OMMURUGA", "party": 23, "vehicle": 2, "driver": 2, "total": "300.0", "no_of_invoices": 0}}, {"model": "main.entry", "pk": 39, "fields": {"date": "2025-03-14", "customer_from": "RANGANAYAGI", "customer_to": "TEX", "party": 62, "vehicle": 2, "driver": 2, "total": "400.0", "no_of_invoices": 0}}, {"model": "main.entry", "pk": 40, "fields": {"date": "2025-03-14", "customer_from": "JAYAMURUGA", "customer_to": "TEX", "party": 77, "vehicle": 2, "driver": 3, "total": "800.0", "no_of_invoices": 0}}, {"model": "main.entry", "pk": 41, "fields": {"date": "2025-03-10", "customer_from": "TEX", "customer_to": "THIRUMURUGAN", "party": 69, "vehicle": 4, "driver": 4, "total": "400.0", "no_of_invoices": 0}}, {"model": "main.entry", "pk": 42, "fields": {"date": "2025-03-10", "customer_from": "TEX", "customer_to": "S.G.T", "party": 29, "vehicle": 4, "driver": 4, "total": "300.0", "no_of_invoices": 0}}, {"model": "main.entry", "pk": 43, "fields": {"date": "2025-03-10", "customer_from": "VETHANAYAGI", "customer_to": "TEX", "party": 70, "vehicle": 4, "driver": 4, "total": "1600.0", "no_of_invoices": 0}}, {"model": "main.entry", "pk": 44, "fields": {"date": "2025-03-10", "customer_from": "VETHANAYAGI", "customer_to": "TEX", "party": 61, "vehicle": 4, "driver": 4, "total": "400.0", "no_of_invoices": 0}}, {"model": "main.entry", "pk": 46, "fields": {"date": "2025-03-10", "customer_from": "VETHANAYAGI", "customer_to": "TEX", "party": 18, "vehicle": 4, "driver": 4, "total": "400.0", "no_of_invoices": 0}}, {"model": "main.entry", "pk": 47, "fields": {"date": "2025-03-10", "customer_from": "OMMURUGA", "customer_to": "TEX", "party": 21, "vehicle": 4, "driver": 4, "total": "450.0", "no_of_invoices": 0}}, {"model": "main.entry", "pk": 48, "fields": {"date": "2025-03-11", "customer_from": "MAYAVAN", "customer_to": "TEX", "party": 79, "vehicle": 4, "driver": 4, "total": "450.0", "no_of_invoices": 0}}, {"model": "main.entry", "pk": 49, "fields": {"date": "2025-03-11", "customer_from": "VETHANAYAGI", "customer_to": "TEX", "party": 74, "vehicle": 4, "driver": 4, "total": "800.0", "no_of_invoices": 0}}, {"model": "main.entry", "pk": 50, "fields": {"date": "2025-03-12", "customer_from": "WEAVER", "customer_to": "TEX", "party": 41, "vehicle": 4, "driver": 2, "total": "250.0", "no_of_invoices": 0}}, {"model": "main.entry", "pk": 51, "fields": {"date": "2025-03-12", "customer_from": "ANNAMALAYAR", "customer_to": "TEX", "party": 80, "vehicle": 4, "driver": 2, "total": "300.0", "no_of_invoices": 0}}, {"model": "main.entry", "pk": 52, "fields": {"date": "2025-03-12", "customer_from": "TEX", "customer_to": "SEAYAL WAPING", "party": 19, "vehicle": 4, "driver": 2, "total": "500.0", "no_of_invoices": 0}}, {"model": "main.entry", "pk": 53, "fields": {"date": "2025-03-12", "customer_from": "TEX", "customer_to": "JAYAMURUGA", "party": 63, "vehicle": 4, "driver": 2, "total": "600.0", "no_of_invoices": 0}}, {"model": "main.entry", "pk": 65, "fields": {"date": "2025-03-12", "customer_from": "skvt", "customer_to": "ppm", "party": 81, "vehicle": 4, "driver": 2, "total": "1000.0", "no_of_invoices": 0}}, {"model": "main.entry", "pk": 66, "fields": {"date": "2025-03-14", "customer_from": "TEX", "customer_to": "VETTRIVELL SIZING", "party": 63, "vehicle": 4, "driver": 1, "total": "1000.0", "no_of_invoices": 0}}, {"model": "main.entry", "pk": 67, "fields": {"date": "2025-03-14", "customer_from": "TEX", "customer_to": "VENGATESHWARA", "party": 19, "vehicle": 4, "driver": 1, "total": "350.0", "no_of_invoices": 0}}, {"model": "main.entry", "pk": 68, "fields": {"date": "2025-03-14", "customer_from": "RANGANAYAKI", "customer_to": "SGT", "party": 29, "vehicle": 4, "driver": 1, "total": "800.0", "no_of_invoices": 0}}, {"model": "main.entry", "pk": 69, "fields": {"date": "2025-03-14", "customer_from": "SRI WARPING", "customer_to": "TEX", "party": 42, "vehicle": 4, "driver": 1, "total": "350.0", "no_of_invoices": 0}}, {"model": "main.entry", "pk": 70, "fields": {"date": "2025-03-20", "customer_from": "TEX", "customer_to": "MAYAVAN", "party": 83, "vehicle": 1, "driver": 2, "total": "800.0", "no_of_invoices": 1}}, {"model": "main.entry", "pk": 71, "fields": {"date": "2025-03-22", "customer_from": "VETHANAYAGI", "customer_to": "TEX", "party": 83, "vehicle": 1, "driver": 2, "total": "800.0", "no_of_invoices": 1}}, {"model": "main.entry", "pk": 72, "fields": {"date": "2025-03-22", "customer_from": "S. M. T", "customer_to": "Vengateswara ", "party": 83, "vehicle": 4, "driver": 3, "total": "800.0", "no_of_invoices": 1}}, {"model": "main.entry", "pk": 75, "fields": {"date": "2025-03-16", "customer_from": "SGT", "customer_to": "TEX", "party": 29, "vehicle": 2, "driver": 4, "total": "400.0", "no_of_invoices": 0}}, {"model": "main.entry", "pk": 76, "fields": {"date": "2025-03-17", "customer_from": "TEX", "customer_to": "KATHIRVELL", "party": 68, "vehicle": 2, "driver": 3, "total": "900.0", "no_of_invoices": 0}}, {"model": "main.entry", "pk": 77, "fields": {"date": "2025-03-17", "customer_from": "TEX", "customer_to": "MAYAVAN", "party": 47, "vehicle": 2, "driver": 3, "total": "300.0", "no_of_invoices": 0}}, {"model": "main.entry", "pk": 78, "fields": {"date": "2025-03-17", "customer_from": "TEX", "customer_to": "MAYAVAN", "party": 77, "vehicle": 2, "driver": 3, "total": "300.0", "no_of_invoices": 0}}, {"model": "main.entry", "pk": 79, "fields": {"date": "2025-03-17", "customer_from": "RANGANAYAKI", "customer_to": "TEX", "party": 24, "vehicle": 2, "driver": 3, "total": "1100.0", "no_of_invoices": 0}}, {"model": "main.entry", "pk": 80, "fields": {"date": "2025-03-17", "customer_from": "RANGANAYAKI", "customer_to": "TEX", "party": 27, "vehicle": 2, "driver": 3, "total": "500.0", "no_of_invoices": 0}}, {"model": "main.entry", "pk": 81, "fields": {"date": "2025-03-17", "customer_from": "RANGANAYAKI", "customer_to": "TEX", "party": 45, "vehicle": 2, "driver": 3, "total": "300.0", "no_of_invoices": 0}}, {"model": "main.entry", "pk": 82, "fields": {"date": "2025-03-17", "customer_from": "RANGANAYAKI", "customer_to": "TEX", "party": 43, "vehicle": 2, "driver": 3, "total": "350.0", "no_of_invoices": 0}}, {"model": "main.entry", "pk": 83, "fields": {"date": "2025-03-20", "customer_from": "ALAGAR", "customer_to": "TEX", "party": 20, "vehicle": 2, "driver": 4, "total": "500.0", "no_of_invoices": 0}}, {"model": "main.entry", "pk": 84, "fields": {"date": "2025-03-20", "customer_from": "AZHALAGAR", "customer_to": "TEX", "party": 21, "vehicle": 2, "driver": 4, "total": "200.0", "no_of_invoices": 0}}, {"model": "main.entry", "pk": 85, "fields": {"date": "2025-03-20", "customer_from": "SGT", "customer_to": "TEX", "party": 29, "vehicle": 2, "driver": 4, "total": "300.0", "no_of_invoices": 0}}, {"model": "main.entry", "pk": 86, "fields": {"date": "2025-03-21", "customer_from": "WEVER", "customer_to": "FINE TEX", "party": 85, "vehicle": 2, "driver": 6, "total": "3000.0", "no_of_invoices": 0}}, {"model": "main.entry", "pk": 87, "fields": {"date": "2025-03-21", "customer_from": "TEX", "customer_to": "VETHANAYAKI", "party": 37, "vehicle": 2, "driver": 6, "total": "900.0", "no_of_invoices": 0}}, {"model": "main.entry", "pk": 88, "fields": {"date": "2025-03-21", "customer_from": "TEX", "customer_to": "VETHANAYAKI", "party": 21, "vehicle": 2, "driver": 6, "total": "700.0", "no_of_invoices": 0}}, {"model": "main.entry", "pk": 89, "fields": {"date": "2025-03-21", "customer_from": "TEX", "customer_to": "VETHANAYAKI", "party": 31, "vehicle": 2, "driver": 6, "total": "800.0", "no_of_invoices": 0}}, {"model": "main.entry", "pk": 90, "fields": {"date": "2025-03-21", "customer_from": "OMMURUGA", "customer_to": "TEX", "party": 46, "vehicle": 2, "driver": 6, "total": "400.0", "no_of_invoices": 0}}, {"model": "main.entry", "pk": 91, "fields": {"date": "2025-03-24", "customer_from": "TEX", "customer_to": "VETHANAYAKI", "party": 19, "vehicle": 2, "driver": 3, "total": "350.0", "no_of_invoices": 0}}, {"model": "main.entry", "pk": 92, "fields": {"date": "2025-03-24", "customer_from": "RANGANAYAKI+KATHIRVELL", "customer_to": "TEX", "party": 35, "vehicle": 2, "driver": 3, "total": "1300.0", "no_of_invoices": 0}}, {"model": "main.entry", "pk": 93, "fields": {"date": "2025-03-24", "customer_from": "OMMURUGA", "customer_to": "TEX", "party": 46, "vehicle": 2, "driver": 3, "total": "300.0", "no_of_invoices": 0}}, {"model": "main.entry", "pk": 94, "fields": {"date": "2025-03-15", "customer_from": "TEX", "customer_to": " RANGANAYAKI", "party": 74, "vehicle": 4, "driver": 4, "total": "600.0", "no_of_invoices": 0}}, {"model": "main.entry", "pk": 95, "fields": {"date": "2025-03-15", "customer_from": "TEX", "customer_to": " RANGANAYAKI", "party": 27, "vehicle": 4, "driver": 4, "total": "800.0", "no_of_invoices": 0}}, {"model": "main.entry", "pk": 96, "fields": {"date": "2025-03-15", "customer_from": "TEX", "customer_to": " RANGANAYAKI", "party": 31, "vehicle": 4, "driver": 4, "total": "800.0", "no_of_invoices": 0}}, {"model": "main.entry", "pk": 97, "fields": {"date": "2025-03-15", "customer_from": "TEX", "customer_to": "MAYAVAN", "party": 22, "vehicle": 4, "driver": 4, "total": "650.0", "no_of_invoices": 0}}, {"model": "main.entry", "pk": 98, "fields": {"date": "2025-03-15", "customer_from": "JAYAMURUGA", "customer_to": "TEX", "party": 63, "vehicle": 4, "driver": 4, "total": "400.0", "no_of_invoices": 0}}, {"model": "main.entry", "pk": 99, "fields": {"date": "2025-03-15", "customer_from": "GURU TEX", "customer_to": "NIVETHA", "party": 70, "vehicle": 4, "driver": 4, "total": "700.0", "no_of_invoices": 0}}, {"model": "main.entry", "pk": 100, "fields": {"date": "2025-03-15", "customer_from": "TEX", "customer_to": "THIRUKUMARAN+SUPRAMANI+VETRIVEL", "party": 56, "vehicle": 4, "driver": 4, "total": "800.0", "no_of_invoices": 0}}, {"model": "main.entry", "pk": 101, "fields": {"date": "2025-03-15", "customer_from": "TEX", "customer_to": "VETRIVEL+VENGETESWARA", "party": 19, "vehicle": 4, "driver": 4, "total": "750.0", "no_of_invoices": 0}}, {"model": "main.entry", "pk": 102, "fields": {"date": "2025-03-15", "customer_from": "TEX", "customer_to": "K,K,S+SUPRAMANI", "party": 20, "vehicle": 4, "driver": 4, "total": "850.0", "no_of_invoices": 0}}, {"model": "main.entry", "pk": 103, "fields": {"date": "2025-03-15", "customer_from": "TEX", "customer_to": "ARASU", "party": 24, "vehicle": 4, "driver": 4, "total": "700.0", "no_of_invoices": 0}}, {"model": "main.entry", "pk": 104, "fields": {"date": "2025-03-15", "customer_from": "V.S.P", "customer_to": "TEX", "party": 73, "vehicle": 4, "driver": 4, "total": "750.0", "no_of_invoices": 0}}, {"model": "main.entry", "pk": 105, "fields": {"date": "2025-03-16", "customer_from": "A.G.S", "customer_to": "TEX", "party": 74, "vehicle": 4, "driver": 4, "total": "600.0", "no_of_invoices": 0}}, {"model": "main.entry", "pk": 106, "fields": {"date": "2025-03-16", "customer_from": "K.K.S", "customer_to": "TEX", "party": 20, "vehicle": 4, "driver": 4, "total": "1000.0", "no_of_invoices": 0}}, {"model": "main.entry", "pk": 107, "fields": {"date": "2025-03-16", "customer_from": "V.S.P", "customer_to": "TEX", "party": 73, "vehicle": 4, "driver": 4, "total": "400.0", "no_of_invoices": 0}}, {"model": "main.entry", "pk": 108, "fields": {"date": "2025-03-16", "customer_from": "TEX", "customer_to": "VETHANAYAKI", "party": 43, "vehicle": 4, "driver": 4, "total": "600.0", "no_of_invoices": 0}}, {"model": "main.entry", "pk": 109, "fields": {"date": "2025-03-16", "customer_from": "VISNU TEX", "customer_to": "TEX ", "party": 48, "vehicle": 4, "driver": 4, "total": "350.0", "no_of_invoices": 0}}, {"model": "main.entry", "pk": 110, "fields": {"date": "2025-03-16", "customer_from": "TEX", "customer_to": "OMURUGA", "party": 23, "vehicle": 4, "driver": 4, "total": "300.0", "no_of_invoices": 0}}, {"model": "main.entry", "pk": 114, "fields": {"date": "2025-04-16", "customer_from": "TEX", "customer_to": "OMMURUGA", "party": 41, "vehicle": 4, "driver": 4, "total": "600.0", "no_of_invoices": 0}}, {"model": "main.entry", "pk": 115, "fields": {"date": "2025-04-16", "customer_from": "OMMURUGA", "customer_to": "TEX", "party": 37, "vehicle": 4, "driver": 4, "total": "400.0", "no_of_invoices": 0}}, {"model": "main.entry", "pk": 116, "fields": {"date": "2025-04-16", "customer_from": "VETHANAYAGI", "customer_to": "TEX", "party": 45, "vehicle": 4, "driver": 4, "total": "800.0", "no_of_invoices": 0}}, {"model": "main.entry", "pk": 117, "fields": {"date": "2025-04-16", "customer_from": "VETHANAYAGI", "customer_to": "TEX", "party": 67, "vehicle": 4, "driver": 4, "total": "400.0", "no_of_invoices": 0}}, {"model": "main.entry", "pk": 118, "fields": {"date": "2025-04-17", "customer_from": "TEX", "customer_to": " RANGANAYAKI", "party": 32, "vehicle": 4, "driver": 4, "total": "600.0", "no_of_invoices": 0}}, {"model": "main.entry", "pk": 119, "fields": {"date": "2025-04-17", "customer_from": "VETHANAYAGI", "customer_to": "TEX", "party": 27, "vehicle": 4, "driver": 4, "total": "1000.0", "no_of_invoices": 0}}, {"model": "main.entry", "pk": 120, "fields": {"date": "2025-04-17", "customer_from": "OMMURUGA", "customer_to": "TEX", "party": 76, "vehicle": 4, "driver": 4, "total": "400.0", "no_of_invoices": 0}}, {"model": "main.entry", "pk": 121, "fields": {"date": "2025-04-17", "customer_from": "TEX", "customer_to": "ADITYA", "party": 23, "vehicle": 3, "driver": 3, "total": "519.6", "no_of_invoices": 0}}, {"model": "main.entry", "pk": 122, "fields": {"date": "2025-04-17", "customer_from": "TEX", "customer_to": "ADITYA", "party": 62, "vehicle": 4, "driver": 4, "total": "562.8", "no_of_invoices": 0}}, {"model": "main.entry", "pk": 124, "fields": {"date": "2025-03-17", "customer_from": "Tex", "customer_to": "ADITYA", "party": 86, "vehicle": 4, "driver": 4, "total": "273.2", "no_of_invoices": 0}}, {"model": "main.entry", "pk": 125, "fields": {"date": "2025-03-17", "customer_from": "TEX ", "customer_to": "SAIRAM ", "party": 37, "vehicle": 4, "driver": 4, "total": "704.8000000000001", "no_of_invoices": 0}}, {"model": "main.entry", "pk": 126, "fields": {"date": "2025-03-17", "customer_from": "TEX ", "customer_to": "SAIRAM ", "party": 76, "vehicle": 4, "driver": 4, "total": "651.2", "no_of_invoices": 0}}, {"model": "main.entry", "pk": 127, "fields": {"date": "2025-03-17", "customer_from": "TEX ", "customer_to": "NETHRA+UNAMAIAI", "party": 41, "vehicle": 4, "driver": 4, "total": "849.2", "no_of_invoices": 0}}, {"model": "main.entry", "pk": 128, "fields": {"date": "2025-03-17", "customer_from": "Ommuruga ", "customer_to": "Tex ", "party": 41, "vehicle": 4, "driver": 4, "total": "350.0", "no_of_invoices": 0}}, {"model": "main.entry", "pk": 129, "fields": {"date": "2025-03-17", "customer_from": "Ranganayaki ", "customer_to": "TEX ", "party": 35, "vehicle": 4, "driver": 4, "total": "800.0", "no_of_invoices": 0}}, {"model": "main.entry", "pk": 130, "fields": {"date": "2025-03-17", "customer_from": "Mayavan ", "customer_to": "TEX ", "party": 79, "vehicle": 4, "driver": 4, "total": "450.0", "no_of_invoices": 0}}, {"model": "main.entry", "pk": 131, "fields": {"date": "2025-03-18", "customer_from": "TEX ", "customer_to": "Ranganayaki ", "party": 61, "vehicle": 4, "driver": 4, "total": "800.0", "no_of_invoices": 0}}, {"model": "main.entry", "pk": 132, "fields": {"date": "2025-03-18", "customer_from": "TEX ", "customer_to": "Ommuruga ", "party": 46, "vehicle": 4, "driver": 4, "total": "0.0", "no_of_invoices": 0}}, {"model": "main.entry", "pk": 133, "fields": {"date": "2025-03-18", "customer_from": "TEX ", "customer_to": "Ommuruga ", "party": 46, "vehicle": 4, "driver": 4, "total": "300.0", "no_of_invoices": 0}}, {"model": "main.entry", "pk": 134, "fields": {"date": "2025-03-18", "customer_from": "Ranganayaki ", "customer_to": "TEX ", "party": 74, "vehicle": 4, "driver": 4, "total": "800.0", "no_of_invoices": 0}}, {"model": "main.entry", "pk": 135, "fields": {"date": "2025-03-18", "customer_from": "Ommuruga ", "customer_to": "TEX ", "party": 23, "vehicle": 4, "driver": 4, "total": "1100.0", "no_of_invoices": 0}}, {"model": "main.entry", "pk": 136, "fields": {"date": "2025-03-18", "customer_from": "TEX ", "customer_to": "SARAVANA ", "party": 39, "vehicle": 4, "driver": 4, "total": "600.0", "no_of_invoices": 0}}, {"model": "main.entry", "pk": 137, "fields": {"date": "2025-03-18", "customer_from": "TEX ", "customer_to": "VETRIVEL", "party": 19, "vehicle": 4, "driver": 4, "total": "350.0", "no_of_invoices": 0}}, {"model": "main.entry", "pk": 138, "fields": {"date": "2025-03-18", "customer_from": "TEX ", "customer_to": "VENGATESWARA ", "party": 52, "vehicle": 4, "driver": 4, "total": "300.0", "no_of_invoices": 0}}, {"model": "main.entry", "pk": 139, "fields": {"date": "2025-03-18", "customer_from": "VETRIVELSIZING ", "customer_to": "TEX ", "party": 87, "vehicle": 4, "driver": 4, "total": "400.0", "no_of_invoices": 0}}, {"model": "main.entry", "pk": 140, "fields": {"date": "2025-03-18", "customer_from": "Ommuruga ", "customer_to": "TEX ", "party": 41, "vehicle": 4, "driver": 4, "total": "700.0", "no_of_invoices": 0}}, {"model": "main.entry", "pk": 141, "fields": {"date": "2025-03-19", "customer_from": "TEX", "customer_to": "AZLAGAR", "party": 20, "vehicle": 4, "driver": 4, "total": "500.0", "no_of_invoices": 0}}, {"model": "main.entry", "pk": 142, "fields": {"date": "2025-03-17", "customer_from": "TEX", "customer_to": "ADITYA", "party": 23, "vehicle": 4, "driver": 4, "total": "519.0", "no_of_invoices": 0}}, {"model": "main.entry", "pk": 143, "fields": {"date": "2025-03-19", "customer_from": "PERYANAYAGI+OMURUGA", "customer_to": "TEX", "party": 37, "vehicle": 4, "driver": 1, "total": "700.0", "no_of_invoices": 0}}, {"model": "main.entry", "pk": 144, "fields": {"date": "2025-03-19", "customer_from": "OMMURUGA", "customer_to": "TEX", "party": 52, "vehicle": 4, "driver": 1, "total": "350.0", "no_of_invoices": 0}}, {"model": "main.entry", "pk": 145, "fields": {"date": "2025-03-19", "customer_from": "OMMURUGA", "customer_to": "TEX", "party": 50, "vehicle": 4, "driver": 1, "total": "350.0", "no_of_invoices": 0}}, {"model": "main.entry", "pk": 146, "fields": {"date": "2025-03-19", "customer_from": "VETHANAYAGI", "customer_to": "TEX", "party": 62, "vehicle": 4, "driver": 1, "total": "600.0", "no_of_invoices": 0}}, {"model": "main.entry", "pk": 147, "fields": {"date": "2025-03-19", "customer_from": "MAYAVAN", "customer_to": "TEX", "party": 47, "vehicle": 4, "driver": 1, "total": "400.0", "no_of_invoices": 0}}, {"model": "main.entry", "pk": 148, "fields": {"date": "2025-03-19", "customer_from": "VINAYAGA+MAGITHRA", "customer_to": "S.S.WASING", "party": 81, "vehicle": 4, "driver": 1, "total": "1800.0", "no_of_invoices": 0}}, {"model": "main.entry", "pk": 149, "fields": {"date": "2025-03-19", "customer_from": "JAYAMURUGA", "customer_to": "TEX", "party": 77, "vehicle": 4, "driver": 1, "total": "800.0", "no_of_invoices": 0}}, {"model": "main.entry", "pk": 150, "fields": {"date": "2025-03-19", "customer_from": "WEAVER", "customer_to": "TEX", "party": 63, "vehicle": 4, "driver": 1, "total": "300.0", "no_of_invoices": 0}}, {"model": "main.entry", "pk": 151, "fields": {"date": "2025-03-20", "customer_from": "TEX", "customer_to": "A.S.P", "party": 88, "vehicle": 4, "driver": 6, "total": "300.0", "no_of_invoices": 0}}, {"model": "main.entry", "pk": 152, "fields": {"date": "2025-03-20", "customer_from": "TEX", "customer_to": "NIKES", "party": 33, "vehicle": 4, "driver": 6, "total": "350.0", "no_of_invoices": 0}}, {"model": "main.entry", "pk": 153, "fields": {"date": "2025-03-20", "customer_from": "SARAVANA", "customer_to": "TEX", "party": 39, "vehicle": 4, "driver": 6, "total": "1000.0", "no_of_invoices": 0}}, {"model": "main.entry", "pk": 154, "fields": {"date": "2025-03-20", "customer_from": "V.S.P", "customer_to": "PARVATHI", "party": 23, "vehicle": 4, "driver": 6, "total": "500.0", "no_of_invoices": 0}}, {"model": "main.entry", "pk": 155, "fields": {"date": "2025-03-20", "customer_from": "TEX", "customer_to": " RANGANAYAKI", "party": 62, "vehicle": 4, "driver": 4, "total": "800.0", "no_of_invoices": 0}}, {"model": "main.entry", "pk": 156, "fields": {"date": "2025-03-20", "customer_from": "TEX", "customer_to": " RANGANAYAKI", "party": 35, "vehicle": 4, "driver": 4, "total": "600.0", "no_of_invoices": 0}}, {"model": "main.entry", "pk": 157, "fields": {"date": "2025-03-20", "customer_from": "TEX", "customer_to": "OMMURUGA", "party": 41, "vehicle": 4, "driver": 4, "total": "300.0", "no_of_invoices": 0}}, {"model": "main.entry", "pk": 158, "fields": {"date": "2025-03-20", "customer_from": "TEX", "customer_to": "MAYAVAN", "party": 77, "vehicle": 4, "driver": 4, "total": "800.0", "no_of_invoices": 0}}, {"model": "main.entry", "pk": 159, "fields": {"date": "2025-03-20", "customer_from": "AMMAIYAPA", "customer_to": "TEX", "party": 33, "vehicle": 4, "driver": 4, "total": "800.0", "no_of_invoices": 0}}, {"model": "main.entry", "pk": 160, "fields": {"date": "2025-03-20", "customer_from": "MAYAVAN", "customer_to": "TEX", "party": 22, "vehicle": 4, "driver": 4, "total": "400.0", "no_of_invoices": 0}}, {"model": "main.entry", "pk": 161, "fields": {"date": "2025-03-20", "customer_from": "MAYAVAN", "customer_to": "TEX", "party": 80, "vehicle": 4, "driver": 4, "total": "250.0", "no_of_invoices": 0}}, {"model": "main.entry", "pk": 162, "fields": {"date": "2025-03-20", "customer_from": "TEX", "customer_to": "THIRUMURUGAN", "party": 69, "vehicle": 4, "driver": 4, "total": "500.0", "no_of_invoices": 0}}, {"model": "main.entry", "pk": 163, "fields": {"date": "2025-03-21", "customer_from": "TEX", "customer_to": " RANGANAYAKI", "party": 45, "vehicle": 4, "driver": 4, "total": "600.0", "no_of_invoices": 0}}, {"model": "main.entry", "pk": 164, "fields": {"date": "2025-03-21", "customer_from": "TEX", "customer_to": " RANGANAYAKI", "party": 71, "vehicle": 4, "driver": 4, "total": "600.0", "no_of_invoices": 0}}, {"model": "main.entry", "pk": 165, "fields": {"date": "2025-03-21", "customer_from": "TEX", "customer_to": "MAYAVAN", "party": 63, "vehicle": 4, "driver": 4, "total": "600.0", "no_of_invoices": 0}}, {"model": "main.entry", "pk": 166, "fields": {"date": "2025-03-21", "customer_from": "OMMURUGA", "customer_to": "TEX", "party": 46, "vehicle": 4, "driver": 4, "total": "500.0", "no_of_invoices": 0}}, {"model": "main.entry", "pk": 167, "fields": {"date": "2025-03-21", "customer_from": "OMMURUGA", "customer_to": "TEX", "party": 37, "vehicle": 4, "driver": 4, "total": "400.0", "no_of_invoices": 0}}, {"model": "main.entry", "pk": 168, "fields": {"date": "2025-03-21", "customer_from": "MAYAVAN", "customer_to": "TEX", "party": 79, "vehicle": 4, "driver": 4, "total": "900.0", "no_of_invoices": 0}}, {"model": "main.entry", "pk": 169, "fields": {"date": "2025-03-21", "customer_from": "MAYAVAN", "customer_to": "TEX", "party": 22, "vehicle": 4, "driver": 4, "total": "350.0", "no_of_invoices": 0}}, {"model": "main.entry", "pk": 170, "fields": {"date": "2025-03-22", "customer_from": "VENGATESWARA+BALAGI", "customer_to": "TEX", "party": 21, "vehicle": 4, "driver": 4, "total": "1500.0", "no_of_invoices": 0}}, {"model": "main.entry", "pk": 171, "fields": {"date": "2025-03-22", "customer_from": "MUGAMPEGAI", "customer_to": "TEX", "party": 48, "vehicle": 4, "driver": 4, "total": "800.0", "no_of_invoices": 0}}, {"model": "main.entry", "pk": 172, "fields": {"date": "2025-03-22", "customer_from": "TEX", "customer_to": "OMMURUGA", "party": 37, "vehicle": 4, "driver": 4, "total": "600.0", "no_of_invoices": 0}}, {"model": "main.entry", "pk": 173, "fields": {"date": "2025-03-22", "customer_from": "NETHRA+SAMPAVI+UNAMALAI+OMMURUGA", "customer_to": "TEX", "party": 41, "vehicle": 4, "driver": 4, "total": "1100.0", "no_of_invoices": 0}}, {"model": "main.entry", "pk": 174, "fields": {"date": "2025-03-22", "customer_from": "TEX", "customer_to": " RANGANAYAKI", "party": 89, "vehicle": 4, "driver": 4, "total": "400.0", "no_of_invoices": 0}}, {"model": "main.entry", "pk": 175, "fields": {"date": "2025-03-22", "customer_from": "K K S", "customer_to": "TEX", "party": 58, "vehicle": 4, "driver": 4, "total": "400.0", "no_of_invoices": 0}}, {"model": "main.entry", "pk": 176, "fields": {"date": "2025-03-22", "customer_from": "K K S", "customer_to": "TEX", "party": 20, "vehicle": 4, "driver": 4, "total": "450.0", "no_of_invoices": 0}}, {"model": "main.entry", "pk": 177, "fields": {"date": "2025-03-22", "customer_from": "SARAVANA", "customer_to": "TEX", "party": 34, "vehicle": 4, "driver": 4, "total": "400.0", "no_of_invoices": 0}}, {"model": "main.entry", "pk": 178, "fields": {"date": "2025-03-22", "customer_from": "SARAVANA", "customer_to": "TEX", "party": 74, "vehicle": 4, "driver": 4, "total": "400.0", "no_of_invoices": 0}}, {"model": "main.entry", "pk": 179, "fields": {"date": "2025-03-24", "customer_from": "TEX", "customer_to": "SARAVANA", "party": 22, "vehicle": 4, "driver": 4, "total": "600.0", "no_of_invoices": 0}}, {"model": "main.entry", "pk": 180, "fields": {"date": "2025-03-24", "customer_from": "TEX", "customer_to": "ANGALAMMAN", "party": 42, "vehicle": 4, "driver": 4, "total": "800.0", "no_of_invoices": 0}}, {"model": "main.entry", "pk": 181, "fields": {"date": "2025-03-24", "customer_from": "S P T", "customer_to": "TEX", "party": 37, "vehicle": 4, "driver": 4, "total": "400.0", "no_of_invoices": 0}}, {"model": "main.entry", "pk": 182, "fields": {"date": "2025-03-24", "customer_from": "VETRIVEL", "customer_to": "TEX", "party": 56, "vehicle": 4, "driver": 4, "total": "400.0", "no_of_invoices": 0}}, {"model": "main.entry", "pk": 183, "fields": {"date": "2025-03-24", "customer_from": "WEAVER", "customer_to": "TEX", "party": 20, "vehicle": 4, "driver": 4, "total": "500.0", "no_of_invoices": 0}}, {"model": "main.entry", "pk": 184, "fields": {"date": "2025-03-24", "customer_from": "TEX", "customer_to": " RANGANAYAKI", "party": 62, "vehicle": 4, "driver": 4, "total": "800.0", "no_of_invoices": 0}}, {"model": "main.entry", "pk": 185, "fields": {"date": "2025-03-24", "customer_from": "TEX", "customer_to": "SUNIL", "party": 41, "vehicle": 4, "driver": 4, "total": "300.0", "no_of_invoices": 0}}, {"model": "main.entry", "pk": 186, "fields": {"date": "2025-03-24", "customer_from": "VENGATESWARA", "customer_to": "TEX", "party": 21, "vehicle": 4, "driver": 4, "total": "800.0", "no_of_invoices": 0}}, {"model": "main.entry", "pk": 187, "fields": {"date": "2025-03-24", "customer_from": "MAYAVAN", "customer_to": "TEX", "party": 63, "vehicle": 4, "driver": 4, "total": "800.0", "no_of_invoices": 0}}, {"model": "main.entry", "pk": 188, "fields": {"date": "2025-03-25", "customer_from": "TEX", "customer_to": "V S P", "party": 42, "vehicle": 4, "driver": 4, "total": "800.0", "no_of_invoices": 0}}, {"model": "main.entry", "pk": 189, "fields": {"date": "2025-03-25", "customer_from": "VETRIVEL+NIMALAN", "customer_to": "TEX", "party": 19, "vehicle": 4, "driver": 4, "total": "900.0", "no_of_invoices": 0}}, {"model": "main.entry", "pk": 190, "fields": {"date": "2025-03-25", "customer_from": "VETRIVEL+NIMALAN", "customer_to": "TEX", "party": 25, "vehicle": 4, "driver": 4, "total": "600.0", "no_of_invoices": 0}}, {"model": "main.entry", "pk": 191, "fields": {"date": "2025-03-25", "customer_from": "NIMALAN", "customer_to": "TEX", "party": 26, "vehicle": 4, "driver": 4, "total": "500.0", "no_of_invoices": 0}}, {"model": "main.entry", "pk": 192, "fields": {"date": "2025-03-25", "customer_from": "GOWRI", "customer_to": "TEX", "party": 56, "vehicle": 4, "driver": 4, "total": "150.0", "no_of_invoices": 0}}, {"model": "main.entry", "pk": 193, "fields": {"date": "2025-03-25", "customer_from": "NIMALAN", "customer_to": "TEX", "party": 54, "vehicle": 4, "driver": 4, "total": "600.0", "no_of_invoices": 0}}, {"model": "main.entry", "pk": 194, "fields": {"date": "2025-03-25", "customer_from": "TEX", "customer_to": "VENGATESWARA", "party": 35, "vehicle": 4, "driver": 4, "total": "900.0", "no_of_invoices": 0}}, {"model": "main.entry", "pk": 195, "fields": {"date": "2025-03-25", "customer_from": "SARAVANA+A G S", "customer_to": "TEX", "party": 34, "vehicle": 4, "driver": 4, "total": "1000.0", "no_of_invoices": 0}}, {"model": "main.entry", "pk": 196, "fields": {"date": "2025-03-25", "customer_from": "NIVETHA", "customer_to": "TEX", "party": 74, "vehicle": 4, "driver": 4, "total": "500.0", "no_of_invoices": 0}}, {"model": "main.entry", "pk": 197, "fields": {"date": "2025-03-25", "customer_from": "K P M", "customer_to": "TEX", "party": 47, "vehicle": 4, "driver": 4, "total": "400.0", "no_of_invoices": 0}}, {"model": "main.entry", "pk": 198, "fields": {"date": "2025-03-26", "customer_from": "TEX", "customer_to": " RANGANAYAKI", "party": 58, "vehicle": 4, "driver": 4, "total": "300.0", "no_of_invoices": 0}}, {"model": "main.entry", "pk": 199, "fields": {"date": "2025-03-26", "customer_from": "TEX", "customer_to": " RANGANAYAKI", "party": 67, "vehicle": 4, "driver": 4, "total": "800.0", "no_of_invoices": 0}}, {"model": "main.entry", "pk": 200, "fields": {"date": "2025-03-26", "customer_from": "TEX", "customer_to": "JAYAMURAGA", "party": 91, "vehicle": 4, "driver": 4, "total": "300.0", "no_of_invoices": 0}}, {"model": "main.entry", "pk": 201, "fields": {"date": "2025-03-26", "customer_from": "MAYAVAN", "customer_to": "TEX", "party": 77, "vehicle": 4, "driver": 4, "total": "600.0", "no_of_invoices": 0}}, {"model": "main.entry", "pk": 202, "fields": {"date": "2025-03-28", "customer_from": "TEX", "customer_to": "ANGALAMMAN+M R", "party": 42, "vehicle": 4, "driver": 4, "total": "400.0", "no_of_invoices": 0}}, {"model": "main.entry", "pk": 203, "fields": {"date": "2025-03-28", "customer_from": "MASTER+VENGATESWARA", "customer_to": "TEX", "party": 58, "vehicle": 4, "driver": 4, "total": "600.0", "no_of_invoices": 0}}, {"model": "main.entry", "pk": 204, "fields": {"date": "2025-03-28", "customer_from": "TEX", "customer_to": "NIKES", "party": 92, "vehicle": 4, "driver": 4, "total": "800.0", "no_of_invoices": 0}}, {"model": "main.entry", "pk": 205, "fields": {"date": "2025-03-28", "customer_from": "MUGAMPEGAI", "customer_to": "TEX", "party": 48, "vehicle": 4, "driver": 4, "total": "450.0", "no_of_invoices": 0}}, {"model": "main.entry", "pk": 206, "fields": {"date": "2025-03-28", "customer_from": "TEX", "customer_to": "S K V T+VENGATESWARA", "party": 76, "vehicle": 4, "driver": 4, "total": "600.0", "no_of_invoices": 0}}, {"model": "main.entry", "pk": 207, "fields": {"date": "2025-03-28", "customer_from": "TEX", "customer_to": "SEYAL", "party": 18, "vehicle": 4, "driver": 4, "total": "400.0", "no_of_invoices": 0}}, {"model": "main.entry", "pk": 208, "fields": {"date": "2025-03-28", "customer_from": "TEX", "customer_to": "SEYAL", "party": 27, "vehicle": 4, "driver": 4, "total": "500.0", "no_of_invoices": 0}}, {"model": "main.entry", "pk": 209, "fields": {"date": "2025-03-28", "customer_from": "TEX", "customer_to": "V S P", "party": 53, "vehicle": 4, "driver": 4, "total": "300.0", "no_of_invoices": 0}}, {"model": "main.entry", "pk": 210, "fields": {"date": "2025-03-28", "customer_from": "TEX", "customer_to": "VENGATESWARA+VIMAL", "party": 41, "vehicle": 4, "driver": 4, "total": "900.0", "no_of_invoices": 0}}, {"model": "main.entry", "pk": 211, "fields": {"date": "2025-03-29", "customer_from": "V.S.P", "customer_to": "TEX", "party": 72, "vehicle": 4, "driver": 2, "total": "900.0", "no_of_invoices": 0}}, {"model": "main.entry", "pk": 212, "fields": {"date": "2025-03-29", "customer_from": "V.S.P", "customer_to": "TEX", "party": 52, "vehicle": 4, "driver": 2, "total": "350.0", "no_of_invoices": 0}}, {"model": "main.entry", "pk": 213, "fields": {"date": "2025-03-29", "customer_from": "VETHANAYAGI", "customer_to": "TEX", "party": 62, "vehicle": 4, "driver": 2, "total": "900.0", "no_of_invoices": 0}}, {"model": "main.entry", "pk": 214, "fields": {"date": "2025-03-29", "customer_from": "VETHANAYAGI", "customer_to": "TEX", "party": 58, "vehicle": 4, "driver": 2, "total": "700.0", "no_of_invoices": 0}}, {"model": "main.entry", "pk": 215, "fields": {"date": "2025-03-29", "customer_from": "OMMURUGA", "customer_to": "TEX", "party": 37, "vehicle": 4, "driver": 2, "total": "400.0", "no_of_invoices": 0}}, {"model": "main.entry", "pk": 216, "fields": {"date": "2025-03-29", "customer_from": "S G T", "customer_to": "TEX", "party": 93, "vehicle": 4, "driver": 2, "total": "400.0", "no_of_invoices": 0}}, {"model": "main.entry", "pk": 217, "fields": {"date": "2025-03-29", "customer_from": "TEX", "customer_to": "MAYAVAN", "party": 74, "vehicle": 4, "driver": 2, "total": "300.0", "no_of_invoices": 0}}, {"model": "main.entry", "pk": 218, "fields": {"date": "2025-03-29", "customer_from": "TEX", "customer_to": "AMMANWASING+SUNIL", "party": 70, "vehicle": 4, "driver": 2, "total": "700.0", "no_of_invoices": 0}}, {"model": "main.entry", "pk": 219, "fields": {"date": "2025-03-29", "customer_from": "TEX", "customer_to": "KATHIRVELL", "party": 57, "vehicle": 4, "driver": 2, "total": "600.0", "no_of_invoices": 0}}, {"model": "main.entry", "pk": 220, "fields": {"date": "2025-03-29", "customer_from": "OMMURUGA", "customer_to": "TEX", "party": 53, "vehicle": 4, "driver": 2, "total": "400.0", "no_of_invoices": 0}}, {"model": "main.entry", "pk": 221, "fields": {"date": "2025-03-29", "customer_from": "VETHANAYAGI", "customer_to": "TEX", "party": 67, "vehicle": 4, "driver": 2, "total": "400.0", "no_of_invoices": 0}}, {"model": "main.entry", "pk": 222, "fields": {"date": "2025-03-30", "customer_from": "TEX", "customer_to": " RANGANAYAKI+KATHRVELL+SEYAL", "party": 68, "vehicle": 4, "driver": 2, "total": "1000.0", "no_of_invoices": 0}}, {"model": "main.entry", "pk": 223, "fields": {"date": "2025-03-30", "customer_from": "JAYAMURUGA", "customer_to": "TEX", "party": 77, "vehicle": 4, "driver": 2, "total": "700.0", "no_of_invoices": 0}}, {"model": "main.entry", "pk": 224, "fields": {"date": "2025-03-30", "customer_from": "JAYAMURUGA", "customer_to": "TEX", "party": 63, "vehicle": 4, "driver": 2, "total": "400.0", "no_of_invoices": 0}}, {"model": "main.entry", "pk": 225, "fields": {"date": "2025-03-30", "customer_from": "JAYAMURUGA", "customer_to": "TEX", "party": 49, "vehicle": 4, "driver": 2, "total": "400.0", "no_of_invoices": 0}}, {"model": "main.entry", "pk": 226, "fields": {"date": "2025-03-30", "customer_from": "TEX", "customer_to": " RANGANAYAKI", "party": 89, "vehicle": 4, "driver": 2, "total": "400.0", "no_of_invoices": 0}}, {"model": "main.entry", "pk": 227, "fields": {"date": "2025-03-30", "customer_from": "TEX", "customer_to": " RANGANAYAKI", "party": 94, "vehicle": 4, "driver": 2, "total": "700.0", "no_of_invoices": 0}}, {"model": "main.entry", "pk": 228, "fields": {"date": "2025-03-31", "customer_from": "TEX", "customer_to": " RANGANAYAKI", "party": 18, "vehicle": 4, "driver": 2, "total": "400.0", "no_of_invoices": 0}}, {"model": "main.entry", "pk": 229, "fields": {"date": "2025-03-31", "customer_from": "TEX", "customer_to": " RANGANAYAKI", "party": 43, "vehicle": 4, "driver": 2, "total": "600.0", "no_of_invoices": 0}}, {"model": "main.entry", "pk": 230, "fields": {"date": "2025-03-31", "customer_from": "VETHANAYAGI", "customer_to": "TEX", "party": 62, "vehicle": 4, "driver": 2, "total": "500.0", "no_of_invoices": 0}}, {"model": "main.entry", "pk": 231, "fields": {"date": "2025-03-31", "customer_from": "VETHANAYAGI", "customer_to": "TEX", "party": 37, "vehicle": 4, "driver": 2, "total": "800.0", "no_of_invoices": 0}}, {"model": "main.entry", "pk": 232, "fields": {"date": "2025-03-31", "customer_from": "VETHANAYAGI", "customer_to": "TEX", "party": 55, "vehicle": 4, "driver": 2, "total": "800.0", "no_of_invoices": 0}}, {"model": "main.entry", "pk": 233, "fields": {"date": "2025-04-04", "customer_from": "Ranganayaki ", "customer_to": "TEX ", "party": 83, "vehicle": 1, "driver": 1, "total": "800.0", "no_of_invoices": 0}}, {"model": "main.entry", "pk": 234, "fields": {"date": "2025-03-10", "customer_from": "TEX", "customer_to": "MAYAVAN", "party": 22, "vehicle": 5, "driver": 5, "total": "600.0", "no_of_invoices": 0}}, {"model": "main.entry", "pk": 235, "fields": {"date": "2025-03-10", "customer_from": "TEX", "customer_to": "MAYAVAN", "party": 79, "vehicle": 5, "driver": 5, "total": "350.0", "no_of_invoices": 0}}, {"model": "main.entry", "pk": 236, "fields": {"date": "2025-03-10", "customer_from": "JAYAMURUGA", "customer_to": "TEX", "party": 63, "vehicle": 5, "driver": 5, "total": "800.0", "no_of_invoices": 0}}, {"model": "main.entry", "pk": 237, "fields": {"date": "2025-03-10", "customer_from": "VETHANAYAGI", "customer_to": "TEX", "party": 95, "vehicle": 5, "driver": 5, "total": "400.0", "no_of_invoices": 0}}, {"model": "main.entry", "pk": 238, "fields": {"date": "2025-03-10", "customer_from": "VETHANAYAGI", "customer_to": "TEX", "party": 67, "vehicle": 5, "driver": 5, "total": "400.0", "no_of_invoices": 0}}, {"model": "main.entry", "pk": 239, "fields": {"date": "2025-03-10", "customer_from": "K K S+VENGATESWARA", "customer_to": "TEX", "party": 58, "vehicle": 5, "driver": 5, "total": "1000.0", "no_of_invoices": 0}}, {"model": "main.entry", "pk": 240, "fields": {"date": "2025-03-10", "customer_from": "TEX", "customer_to": "K K S", "party": 20, "vehicle": 5, "driver": 5, "total": "750.0", "no_of_invoices": 0}}, {"model": "main.entry", "pk": 241, "fields": {"date": "2025-03-10", "customer_from": "TEX", "customer_to": "SUPRAMANI", "party": 41, "vehicle": 5, "driver": 5, "total": "350.0", "no_of_invoices": 0}}, {"model": "main.entry", "pk": 242, "fields": {"date": "2025-03-10", "customer_from": "TEX", "customer_to": "SUPRAMANI", "party": 21, "vehicle": 5, "driver": 5, "total": "350.0", "no_of_invoices": 0}}, {"model": "main.entry", "pk": 243, "fields": {"date": "2025-03-10", "customer_from": "VENGATESWARA", "customer_to": "TEX", "party": 25, "vehicle": 5, "driver": 5, "total": "400.0", "no_of_invoices": 0}}, {"model": "main.entry", "pk": 244, "fields": {"date": "2025-03-10", "customer_from": "VETRIVEL", "customer_to": "TEX", "party": 52, "vehicle": 5, "driver": 5, "total": "400.0", "no_of_invoices": 0}}, {"model": "main.entry", "pk": 245, "fields": {"date": "2025-03-10", "customer_from": "VETRIVEL", "customer_to": "TEX", "party": 56, "vehicle": 5, "driver": 5, "total": "400.0", "no_of_invoices": 0}}, {"model": "main.entry", "pk": 246, "fields": {"date": "2025-03-10", "customer_from": "SUNIL", "customer_to": "TEX", "party": 76, "vehicle": 5, "driver": 5, "total": "1500.0", "no_of_invoices": 0}}, {"model": "main.entry", "pk": 247, "fields": {"date": "2025-03-10", "customer_from": "OMMURUGA", "customer_to": "TEX", "party": 37, "vehicle": 5, "driver": 5, "total": "1200.0", "no_of_invoices": 0}}, {"model": "main.entry", "pk": 248, "fields": {"date": "2025-03-10", "customer_from": "TEX", "customer_to": "WEAVER", "party": 41, "vehicle": 5, "driver": 5, "total": "250.0", "no_of_invoices": 0}}, {"model": "main.entry", "pk": 250, "fields": {"date": "2025-03-12", "customer_from": "TEX", "customer_to": "NIKES", "party": 92, "vehicle": 5, "driver": 5, "total": "900.0", "no_of_invoices": 0}}, {"model": "main.entry", "pk": 251, "fields": {"date": "2025-03-12", "customer_from": "TEX", "customer_to": "v s p", "party": 42, "vehicle": 5, "driver": 5, "total": "600.0", "no_of_invoices": 0}}, {"model": "main.entry", "pk": 252, "fields": {"date": "2025-03-12", "customer_from": "TEX", "customer_to": "OMMURUGA", "party": 41, "vehicle": 5, "driver": 5, "total": "550.0", "no_of_invoices": 0}}, {"model": "main.entry", "pk": 254, "fields": {"date": "2025-03-12", "customer_from": "OMMURUGA", "customer_to": "TEX", "party": 53, "vehicle": 5, "driver": 5, "total": "400.0", "no_of_invoices": 0}}, {"model": "main.entry", "pk": 256, "fields": {"date": "2025-03-13", "customer_from": "TEX", "customer_to": "ANGALAMMAN", "party": 42, "vehicle": 5, "driver": 5, "total": "600.0", "no_of_invoices": 0}}, {"model": "main.entry", "pk": 257, "fields": {"date": "2025-03-13", "customer_from": "TEX", "customer_to": "A G S", "party": 39, "vehicle": 5, "driver": 5, "total": "150.0", "no_of_invoices": 0}}, {"model": "main.entry", "pk": 258, "fields": {"date": "2025-03-13", "customer_from": "OMMURUGA", "customer_to": "TEX", "party": 46, "vehicle": 5, "driver": 5, "total": "1100.0", "no_of_invoices": 0}}, {"model": "main.entry", "pk": 259, "fields": {"date": "2025-03-13", "customer_from": "TEX", "customer_to": "SATHIYAM", "party": 93, "vehicle": 5, "driver": 5, "total": "500.0", "no_of_invoices": 0}}, {"model": "main.entry", "pk": 260, "fields": {"date": "2025-03-13", "customer_from": "TEX", "customer_to": " RANGANAYAKI", "party": 67, "vehicle": 5, "driver": 5, "total": "300.0", "no_of_invoices": 0}}, {"model": "main.entry", "pk": 261, "fields": {"date": "2025-03-13", "customer_from": "TEX", "customer_to": " RANGANAYAKI", "party": 47, "vehicle": 5, "driver": 5, "total": "300.0", "no_of_invoices": 0}}, {"model": "main.entry", "pk": 262, "fields": {"date": "2025-03-13", "customer_from": "OMMURUGA", "customer_to": "TEX", "party": 53, "vehicle": 5, "driver": 5, "total": "800.0", "no_of_invoices": 0}}, {"model": "main.entry", "pk": 263, "fields": {"date": "2025-03-13", "customer_from": "VETHANAYAGI", "customer_to": "TEX", "party": 62, "vehicle": 5, "driver": 5, "total": "750.0", "no_of_invoices": 0}}, {"model": "main.entry", "pk": 264, "fields": {"date": "2025-03-13", "customer_from": "TEX", "customer_to": " RANGANAYAKI", "party": 43, "vehicle": 5, "driver": 5, "total": "600.0", "no_of_invoices": 0}}, {"model": "main.entry", "pk": 265, "fields": {"date": "2025-03-13", "customer_from": "TEX", "customer_to": "OMMURUGA", "party": 52, "vehicle": 5, "driver": 5, "total": "300.0", "no_of_invoices": 0}}, {"model": "main.entry", "pk": 266, "fields": {"date": "2025-03-14", "customer_from": "TEX", "customer_to": "ADITYA", "party": 86, "vehicle": 5, "driver": 5, "total": "700.0", "no_of_invoices": 0}}, {"model": "main.entry", "pk": 267, "fields": {"date": "2025-03-14", "customer_from": "OMMURUGA", "customer_to": "TEX", "party": 41, "vehicle": 5, "driver": 5, "total": "400.0", "no_of_invoices": 0}}, {"model": "main.entry", "pk": 268, "fields": {"date": "2025-03-14", "customer_from": "SUPRAMANI", "customer_to": "TEX", "party": 21, "vehicle": 5, "driver": 5, "total": "850.0", "no_of_invoices": 0}}, {"model": "main.entry", "pk": 269, "fields": {"date": "2025-03-14", "customer_from": "ELANGO", "customer_to": "TEX", "party": 69, "vehicle": 5, "driver": 5, "total": "250.0", "no_of_invoices": 0}}, {"model": "main.entry", "pk": 270, "fields": {"date": "2025-03-14", "customer_from": "K K S", "customer_to": "TEX", "party": 20, "vehicle": 5, "driver": 5, "total": "450.0", "no_of_invoices": 0}}, {"model": "main.entry", "pk": 271, "fields": {"date": "2025-03-14", "customer_from": "VENGATESWARA", "customer_to": "TEX", "party": 56, "vehicle": 5, "driver": 5, "total": "400.0", "no_of_invoices": 0}}, {"model": "main.entry", "pk": 272, "fields": {"date": "2025-03-15", "customer_from": "MAYURA", "customer_to": "TEX", "party": 74, "vehicle": 5, "driver": 5, "total": "400.0", "no_of_invoices": 0}}, {"model": "main.entry", "pk": 273, "fields": {"date": "2025-03-16", "customer_from": "TEX", "customer_to": "SEMMANTAMPALAYAM", "party": 74, "vehicle": 5, "driver": 5, "total": "200.0", "no_of_invoices": 0}}, {"model": "main.entry", "pk": 274, "fields": {"date": "2025-03-16", "customer_from": "TEX", "customer_to": "V S P", "party": 42, "vehicle": 5, "driver": 5, "total": "800.0", "no_of_invoices": 0}}, {"model": "main.entry", "pk": 275, "fields": {"date": "2025-03-16", "customer_from": "K K S+VENGATESWARA", "customer_to": "TEX", "party": 58, "vehicle": 5, "driver": 5, "total": "1200.0", "no_of_invoices": 0}}, {"model": "main.entry", "pk": 276, "fields": {"date": "2025-03-16", "customer_from": "TEX", "customer_to": "MAYAVAN", "party": 80, "vehicle": 5, "driver": 5, "total": "350.0", "no_of_invoices": 0}}, {"model": "main.entry", "pk": 277, "fields": {"date": "2025-03-16", "customer_from": "TEX", "customer_to": "MAYAVAN", "party": 96, "vehicle": 5, "driver": 5, "total": "300.0", "no_of_invoices": 0}}, {"model": "main.entry", "pk": 278, "fields": {"date": "2025-03-16", "customer_from": "VETHANAYAGI", "customer_to": "TEX", "party": 64, "vehicle": 5, "driver": 5, "total": "1200.0", "no_of_invoices": 0}}, {"model": "main.entry", "pk": 279, "fields": {"date": "2025-03-16", "customer_from": "S G T", "customer_to": "TEX", "party": 63, "vehicle": 5, "driver": 5, "total": "300.0", "no_of_invoices": 0}}, {"model": "main.entry", "pk": 280, "fields": {"date": "2025-03-16", "customer_from": "MAITHRA", "customer_to": " S S S WASING", "party": 81, "vehicle": 5, "driver": 5, "total": "1300.0", "no_of_invoices": 0}}, {"model": "main.entry", "pk": 281, "fields": {"date": "2025-03-16", "customer_from": "TEX", "customer_to": "S G T", "party": 63, "vehicle": 5, "driver": 5, "total": "300.0", "no_of_invoices": 0}}, {"model": "main.entry", "pk": 282, "fields": {"date": "2025-03-17", "customer_from": "TEX", "customer_to": "ANGALAMMAN+V S P", "party": 42, "vehicle": 5, "driver": 5, "total": "950.0", "no_of_invoices": 0}}, {"model": "main.entry", "pk": 283, "fields": {"date": "2025-03-17", "customer_from": "VELMURUGAN", "customer_to": "VENGATESWARA", "party": 23, "vehicle": 5, "driver": 5, "total": "350.0", "no_of_invoices": 0}}, {"model": "main.entry", "pk": 284, "fields": {"date": "2025-03-17", "customer_from": "TEX", "customer_to": "VETRIVEL", "party": 87, "vehicle": 5, "driver": 5, "total": "600.0", "no_of_invoices": 0}}, {"model": "main.entry", "pk": 285, "fields": {"date": "2025-03-17", "customer_from": "VENGATESWARA", "customer_to": "TEX", "party": 76, "vehicle": 5, "driver": 5, "total": "400.0", "no_of_invoices": 0}}, {"model": "main.entry", "pk": 286, "fields": {"date": "2025-03-17", "customer_from": "MAKALAKSMI", "customer_to": "TEX", "party": 63, "vehicle": 5, "driver": 5, "total": "250.0", "no_of_invoices": 0}}, {"model": "main.entry", "pk": 287, "fields": {"date": "2025-03-17", "customer_from": "VELAVAN", "customer_to": "TEX", "party": 69, "vehicle": 5, "driver": 5, "total": "350.0", "no_of_invoices": 0}}, {"model": "main.entry", "pk": 288, "fields": {"date": "2025-03-18", "customer_from": "TEX", "customer_to": "M R", "party": 42, "vehicle": 5, "driver": 5, "total": "300.0", "no_of_invoices": 0}}, {"model": "main.entry", "pk": 289, "fields": {"date": "2025-03-18", "customer_from": "GROWL", "customer_to": "VENGATESWARA", "party": 21, "vehicle": 5, "driver": 5, "total": "700.0", "no_of_invoices": 0}}, {"model": "main.entry", "pk": 290, "fields": {"date": "2025-03-18", "customer_from": "MAYAVAN+VETRIVEL", "customer_to": "TEX", "party": 22, "vehicle": 5, "driver": 5, "total": "750.0", "no_of_invoices": 0}}, {"model": "main.entry", "pk": 291, "fields": {"date": "2025-03-18", "customer_from": "SUPRAMANI", "customer_to": "TEX", "party": 20, "vehicle": 5, "driver": 5, "total": "700.0", "no_of_invoices": 0}}, {"model": "main.entry", "pk": 292, "fields": {"date": "2025-03-18", "customer_from": "MAYAVAN", "customer_to": "TEX", "party": 79, "vehicle": 5, "driver": 5, "total": "900.0", "no_of_invoices": 0}}, {"model": "main.entry", "pk": 293, "fields": {"date": "2025-03-18", "customer_from": "SAIRAM", "customer_to": "TEX", "party": 23, "vehicle": 5, "driver": 5, "total": "324.0", "no_of_invoices": 0}}, {"model": "main.entry", "pk": 294, "fields": {"date": "2025-03-18", "customer_from": "NIMALAN", "customer_to": "TEX", "party": 25, "vehicle": 5, "driver": 5, "total": "480.0", "no_of_invoices": 0}}, {"model": "main.entry", "pk": 295, "fields": {"date": "2025-03-18", "customer_from": "NIMALAN", "customer_to": "TEX", "party": 19, "vehicle": 5, "driver": 5, "total": "480.0", "no_of_invoices": 0}}, {"model": "main.entry", "pk": 296, "fields": {"date": "2025-03-18", "customer_from": "NIMALAN", "customer_to": "TEX", "party": 56, "vehicle": 5, "driver": 5, "total": "480.0", "no_of_invoices": 0}}, {"model": "main.entry", "pk": 297, "fields": {"date": "2025-03-18", "customer_from": "SAIRAM", "customer_to": "TEX", "party": 37, "vehicle": 5, "driver": 5, "total": "100.0", "no_of_invoices": 0}}, {"model": "main.entry", "pk": 298, "fields": {"date": "2025-03-18", "customer_from": "THANGAM", "customer_to": "TEX", "party": 62, "vehicle": 5, "driver": 5, "total": "400.0", "no_of_invoices": 0}}, {"model": "main.entry", "pk": 299, "fields": {"date": "2025-03-19", "customer_from": "TEX", "customer_to": "K K S", "party": 20, "vehicle": 5, "driver": 5, "total": "350.0", "no_of_invoices": 0}}, {"model": "main.entry", "pk": 300, "fields": {"date": "2025-03-19", "customer_from": "TEX", "customer_to": "MUGAMPGAI", "party": 48, "vehicle": 5, "driver": 5, "total": "600.0", "no_of_invoices": 0}}, {"model": "main.entry", "pk": 301, "fields": {"date": "2025-03-19", "customer_from": "ANGALAMMAN+M R", "customer_to": "TEX", "party": 42, "vehicle": 5, "driver": 5, "total": "1000.0", "no_of_invoices": 0}}, {"model": "main.entry", "pk": 302, "fields": {"date": "2025-03-19", "customer_from": "K K S", "customer_to": "TEX", "party": 58, "vehicle": 5, "driver": 5, "total": "400.0", "no_of_invoices": 0}}, {"model": "main.entry", "pk": 303, "fields": {"date": "2025-03-19", "customer_from": "VETRIVEL", "customer_to": "TEX", "party": 87, "vehicle": 5, "driver": 5, "total": "400.0", "no_of_invoices": 0}}, {"model": "main.entry", "pk": 304, "fields": {"date": "2025-03-19", "customer_from": "VETRIVEL", "customer_to": "TEX", "party": 63, "vehicle": 5, "driver": 5, "total": "1000.0", "no_of_invoices": 0}}, {"model": "main.entry", "pk": 305, "fields": {"date": "2025-03-19", "customer_from": "TEX", "customer_to": "SARAVANA", "party": 74, "vehicle": 5, "driver": 5, "total": "600.0", "no_of_invoices": 0}}, {"model": "main.entry", "pk": 306, "fields": {"date": "2025-03-19", "customer_from": "TEX", "customer_to": "SARAVANA", "party": 34, "vehicle": 5, "driver": 5, "total": "600.0", "no_of_invoices": 0}}, {"model": "main.entry", "pk": 307, "fields": {"date": "2025-03-19", "customer_from": "NIKES", "customer_to": "TEX", "party": 92, "vehicle": 5, "driver": 5, "total": "800.0", "no_of_invoices": 0}}, {"model": "main.entry", "pk": 308, "fields": {"date": "2025-03-19", "customer_from": "ARASU", "customer_to": "TEX", "party": 24, "vehicle": 5, "driver": 5, "total": "900.0", "no_of_invoices": 0}}, {"model": "main.entry", "pk": 309, "fields": {"date": "2025-03-20", "customer_from": "TEX", "customer_to": "OMMURUGA", "party": 46, "vehicle": 5, "driver": 5, "total": "300.0", "no_of_invoices": 0}}, {"model": "main.entry", "pk": 310, "fields": {"date": "2025-03-20", "customer_from": "TEX", "customer_to": " RANGANAYAKI+SAIRAM", "party": 23, "vehicle": 5, "driver": 5, "total": "800.0", "no_of_invoices": 0}}, {"model": "main.entry", "pk": 311, "fields": {"date": "2025-03-20", "customer_from": "MAYAVAN", "customer_to": "TEX", "party": 80, "vehicle": 5, "driver": 5, "total": "400.0", "no_of_invoices": 0}}, {"model": "main.entry", "pk": 312, "fields": {"date": "2025-03-20", "customer_from": "VETHANAYAGI", "customer_to": "TEX", "party": 31, "vehicle": 5, "driver": 5, "total": "1000.0", "no_of_invoices": 0}}, {"model": "main.entry", "pk": 313, "fields": {"date": "2025-03-20", "customer_from": "TEX", "customer_to": "S G T", "party": 76, "vehicle": 5, "driver": 5, "total": "300.0", "no_of_invoices": 0}}, {"model": "main.entry", "pk": 314, "fields": {"date": "2025-03-20", "customer_from": "TEX", "customer_to": "VETRIVEL+ARASU", "party": 26, "vehicle": 5, "driver": 5, "total": "1000.0", "no_of_invoices": 0}}, {"model": "main.entry", "pk": 315, "fields": {"date": "2025-03-20", "customer_from": "TEX", "customer_to": "VETRIVEL", "party": 25, "vehicle": 5, "driver": 5, "total": "350.0", "no_of_invoices": 0}}, {"model": "main.entry", "pk": 316, "fields": {"date": "2025-03-20", "customer_from": "TEX", "customer_to": "SUPRAMANI", "party": 41, "vehicle": 5, "driver": 5, "total": "700.0", "no_of_invoices": 0}}, {"model": "main.entry", "pk": 317, "fields": {"date": "2025-03-20", "customer_from": "ARASU", "customer_to": "TEX", "party": 24, "vehicle": 5, "driver": 5, "total": "750.0", "no_of_invoices": 0}}, {"model": "main.entry", "pk": 318, "fields": {"date": "2025-03-20", "customer_from": "S K N", "customer_to": "TEX", "party": 97, "vehicle": 5, "driver": 5, "total": "800.0", "no_of_invoices": 0}}, {"model": "main.entry", "pk": 319, "fields": {"date": "2025-03-21", "customer_from": "TEX", "customer_to": "K K S", "party": 20, "vehicle": 5, "driver": 5, "total": "1000.0", "no_of_invoices": 0}}, {"model": "main.entry", "pk": 320, "fields": {"date": "2025-03-21", "customer_from": "TEX", "customer_to": " RANGANAYAKI+K K S", "party": 58, "vehicle": 5, "driver": 5, "total": "1200.0", "no_of_invoices": 0}}, {"model": "main.entry", "pk": 321, "fields": {"date": "2025-03-21", "customer_from": "SARAVANA", "customer_to": "TEX", "party": 39, "vehicle": 5, "driver": 5, "total": "400.0", "no_of_invoices": 0}}, {"model": "main.entry", "pk": 322, "fields": {"date": "2025-03-21", "customer_from": "TEX", "customer_to": " RANGANAYAKI", "party": 18, "vehicle": 5, "driver": 5, "total": "350.0", "no_of_invoices": 0}}, {"model": "main.entry", "pk": 323, "fields": {"date": "2025-03-21", "customer_from": "TEX", "customer_to": " RANGANAYAKI", "party": 51, "vehicle": 5, "driver": 5, "total": "1000.0", "no_of_invoices": 0}}, {"model": "main.entry", "pk": 324, "fields": {"date": "2025-03-21", "customer_from": "TEX", "customer_to": "OMMURUGA", "party": 53, "vehicle": 5, "driver": 5, "total": "600.0", "no_of_invoices": 0}}, {"model": "main.entry", "pk": 325, "fields": {"date": "2025-03-21", "customer_from": "PARVATHI", "customer_to": "TEX", "party": 23, "vehicle": 5, "driver": 5, "total": "500.0", "no_of_invoices": 0}}, {"model": "main.entry", "pk": 326, "fields": {"date": "2025-03-21", "customer_from": "VETHANAYAGI", "customer_to": "TEX", "party": 32, "vehicle": 5, "driver": 5, "total": "800.0", "no_of_invoices": 0}}, {"model": "main.entry", "pk": 327, "fields": {"date": "2025-03-21", "customer_from": "VETHANAYAGI", "customer_to": "TEX", "party": 67, "vehicle": 5, "driver": 5, "total": "400.0", "no_of_invoices": 0}}, {"model": "main.entry", "pk": 328, "fields": {"date": "2025-03-22", "customer_from": "NIVETHA+A G S", "customer_to": "TEX", "party": 74, "vehicle": 5, "driver": 5, "total": "550.0", "no_of_invoices": 0}}, {"model": "main.entry", "pk": 329, "fields": {"date": "2025-03-22", "customer_from": "PALANISAMI+K K S", "customer_to": "TEX", "party": 58, "vehicle": 5, "driver": 5, "total": "800.0", "no_of_invoices": 0}}, {"model": "main.entry", "pk": 330, "fields": {"date": "2025-03-22", "customer_from": "TEX", "customer_to": "PALLIPALAYAM", "party": 56, "vehicle": 5, "driver": 5, "total": "680.0", "no_of_invoices": 0}}, {"model": "main.entry", "pk": 331, "fields": {"date": "2025-03-22", "customer_from": "SUPRAMANI", "customer_to": "TEX", "party": 56, "vehicle": 5, "driver": 5, "total": "200.0", "no_of_invoices": 0}}, {"model": "main.entry", "pk": 332, "fields": {"date": "2025-03-22", "customer_from": "SUPRAMANI", "customer_to": "TEX", "party": 41, "vehicle": 5, "driver": 5, "total": "900.0", "no_of_invoices": 0}}, {"model": "main.entry", "pk": 333, "fields": {"date": "2025-03-22", "customer_from": "A G S", "customer_to": "TEX", "party": 34, "vehicle": 5, "driver": 5, "total": "230.0", "no_of_invoices": 0}}, {"model": "main.entry", "pk": 334, "fields": {"date": "2025-03-22", "customer_from": "NIMALAN", "customer_to": "TEX", "party": 77, "vehicle": 5, "driver": 5, "total": "540.0", "no_of_invoices": 0}}, {"model": "main.entry", "pk": 335, "fields": {"date": "2025-03-24", "customer_from": "THIRUMURUGAN", "customer_to": "TEX", "party": 69, "vehicle": 5, "driver": 5, "total": "600.0", "no_of_invoices": 0}}, {"model": "main.entry", "pk": 336, "fields": {"date": "2025-03-25", "customer_from": "TEX", "customer_to": " RANGANAYAKI", "party": 70, "vehicle": 5, "driver": 5, "total": "600.0", "no_of_invoices": 0}}, {"model": "main.entry", "pk": 337, "fields": {"date": "2025-03-25", "customer_from": "VETHANAYAGI", "customer_to": "TEX", "party": 62, "vehicle": 5, "driver": 5, "total": "1200.0", "no_of_invoices": 0}}, {"model": "main.entry", "pk": 338, "fields": {"date": "2025-03-25", "customer_from": "TEX", "customer_to": "OMMURUGA", "party": 37, "vehicle": 5, "driver": 5, "total": "1200.0", "no_of_invoices": 0}}, {"model": "main.entry", "pk": 339, "fields": {"date": "2025-03-25", "customer_from": "TEX", "customer_to": " RANGANAYAKI", "party": 51, "vehicle": 5, "driver": 5, "total": "1200.0", "no_of_invoices": 0}}, {"model": "main.entry", "pk": 340, "fields": {"date": "2025-03-25", "customer_from": "TEX", "customer_to": "VETRIVEL", "party": 56, "vehicle": 5, "driver": 5, "total": "600.0", "no_of_invoices": 0}}, {"model": "main.entry", "pk": 341, "fields": {"date": "2025-03-25", "customer_from": "TEX", "customer_to": "VENGATESWARA", "party": 58, "vehicle": 5, "driver": 5, "total": "300.0", "no_of_invoices": 0}}, {"model": "main.entry", "pk": 342, "fields": {"date": "2025-03-25", "customer_from": "ARASU", "customer_to": "TEX", "party": 26, "vehicle": 5, "driver": 5, "total": "1100.0", "no_of_invoices": 0}}, {"model": "main.entry", "pk": 343, "fields": {"date": "2025-03-26", "customer_from": "SATHISDING", "customer_to": "TEX", "party": 64, "vehicle": 5, "driver": 5, "total": "350.0", "no_of_invoices": 0}}, {"model": "main.entry", "pk": 344, "fields": {"date": "2025-03-26", "customer_from": "TEX", "customer_to": "VENGATESWARA", "party": 37, "vehicle": 5, "driver": 5, "total": "600.0", "no_of_invoices": 0}}, {"model": "main.entry", "pk": 345, "fields": {"date": "2025-03-26", "customer_from": "TEX", "customer_to": "K K S", "party": 20, "vehicle": 5, "driver": 5, "total": "600.0", "no_of_invoices": 0}}, {"model": "main.entry", "pk": 346, "fields": {"date": "2025-03-26", "customer_from": "K K S", "customer_to": "TEX", "party": 58, "vehicle": 5, "driver": 5, "total": "400.0", "no_of_invoices": 0}}, {"model": "main.entry", "pk": 347, "fields": {"date": "2025-03-26", "customer_from": "VETRIVEL", "customer_to": "TEX", "party": 26, "vehicle": 5, "driver": 5, "total": "400.0", "no_of_invoices": 0}}, {"model": "main.entry", "pk": 348, "fields": {"date": "2025-03-27", "customer_from": "SARAVANA", "customer_to": "TEX", "party": 39, "vehicle": 5, "driver": 5, "total": "800.0", "no_of_invoices": 0}}, {"model": "main.entry", "pk": 349, "fields": {"date": "2025-03-27", "customer_from": "SARAVANA", "customer_to": "TEX", "party": 22, "vehicle": 5, "driver": 5, "total": "700.0", "no_of_invoices": 0}}, {"model": "main.entry", "pk": 350, "fields": {"date": "2025-03-27", "customer_from": "TEX", "customer_to": "V S P", "party": 52, "vehicle": 5, "driver": 5, "total": "300.0", "no_of_invoices": 0}}, {"model": "main.entry", "pk": 351, "fields": {"date": "2025-03-27", "customer_from": "TEX", "customer_to": "VENGATESWARA", "party": 58, "vehicle": 5, "driver": 5, "total": "300.0", "no_of_invoices": 0}}, {"model": "main.entry", "pk": 352, "fields": {"date": "2025-03-27", "customer_from": "VENGATESWARA", "customer_to": "TEX", "party": 37, "vehicle": 5, "driver": 5, "total": "800.0", "no_of_invoices": 0}}, {"model": "main.entry", "pk": 353, "fields": {"date": "2025-03-27", "customer_from": "V S P", "customer_to": "TEX", "party": 42, "vehicle": 5, "driver": 5, "total": "800.0", "no_of_invoices": 0}}, {"model": "main.entry", "pk": 354, "fields": {"date": "2025-03-28", "customer_from": "TEX", "customer_to": "ANNAMALAYAR", "party": 80, "vehicle": 5, "driver": 5, "total": "200.0", "no_of_invoices": 0}}, {"model": "main.entry", "pk": 355, "fields": {"date": "2025-03-29", "customer_from": "TEX", "customer_to": "ANGALAMMAN+V S P", "party": 42, "vehicle": 5, "driver": 5, "total": "1100.0", "no_of_invoices": 0}}, {"model": "main.entry", "pk": 356, "fields": {"date": "2025-03-29", "customer_from": "VENGATESWARA", "customer_to": "TEX", "party": 35, "vehicle": 5, "driver": 5, "total": "1200.0", "no_of_invoices": 0}}, {"model": "main.entry", "pk": 357, "fields": {"date": "2025-03-29", "customer_from": "TEX", "customer_to": "SARAVANA", "party": 74, "vehicle": 5, "driver": 5, "total": "600.0", "no_of_invoices": 0}}, {"model": "main.entry", "pk": 358, "fields": {"date": "2025-03-29", "customer_from": "V S P", "customer_to": "TEX", "party": 53, "vehicle": 5, "driver": 5, "total": "400.0", "no_of_invoices": 0}}, {"model": "main.entry", "pk": 359, "fields": {"date": "2025-03-29", "customer_from": "PARVATHI", "customer_to": "TEX", "party": 23, "vehicle": 5, "driver": 5, "total": "450.0", "no_of_invoices": 0}}, {"model": "main.entry", "pk": 360, "fields": {"date": "2025-03-29", "customer_from": "THANGAM", "customer_to": "TEX", "party": 62, "vehicle": 5, "driver": 5, "total": "150.0", "no_of_invoices": 0}}, {"model": "main.entry", "pk": 361, "fields": {"date": "2025-03-29", "customer_from": "K K S", "customer_to": "TEX", "party": 20, "vehicle": 5, "driver": 5, "total": "450.0", "no_of_invoices": 0}}, {"model": "main.entry", "pk": 362, "fields": {"date": "2025-03-29", "customer_from": "JAYAMURUGA", "customer_to": "TEX", "party": 71, "vehicle": 5, "driver": 5, "total": "400.0", "no_of_invoices": 0}}, {"model": "main.entry", "pk": 363, "fields": {"date": "2025-03-30", "customer_from": "WEAVER", "customer_to": "TEX", "party": 41, "vehicle": 5, "driver": 5, "total": "250.0", "no_of_invoices": 0}}, {"model": "main.entry", "pk": 364, "fields": {"date": "2025-03-30", "customer_from": "VENGATESWARA", "customer_to": "TEX", "party": 52, "vehicle": 5, "driver": 5, "total": "600.0", "no_of_invoices": 0}}, {"model": "main.entry", "pk": 365, "fields": {"date": "2025-03-30", "customer_from": "VENGATESWARA", "customer_to": "TEX", "party": 76, "vehicle": 5, "driver": 5, "total": "400.0", "no_of_invoices": 0}}, {"model": "main.entry", "pk": 366, "fields": {"date": "2025-03-30", "customer_from": "VETHANAYAGI", "customer_to": "TEX", "party": 24, "vehicle": 5, "driver": 5, "total": "400.0", "no_of_invoices": 0}}, {"model": "main.entry", "pk": 367, "fields": {"date": "2025-03-30", "customer_from": "VETHANAYAGI", "customer_to": "TEX", "party": 70, "vehicle": 5, "driver": 5, "total": "800.0", "no_of_invoices": 0}}, {"model": "main.entry", "pk": 368, "fields": {"date": "2025-03-30", "customer_from": "KATHIRVEL", "customer_to": "TEX", "party": 62, "vehicle": 5, "driver": 5, "total": "800.0", "no_of_invoices": 0}}, {"model": "main.entry", "pk": 369, "fields": {"date": "2025-03-30", "customer_from": "JAYAMURUGA", "customer_to": "TEX", "party": 63, "vehicle": 5, "driver": 5, "total": "400.0", "no_of_invoices": 0}}, {"model": "main.entry", "pk": 370, "fields": {"date": "2025-03-30", "customer_from": "OMMURUGA", "customer_to": "TEX", "party": 41, "vehicle": 5, "driver": 5, "total": "400.0", "no_of_invoices": 0}}, {"model": "main.entry", "pk": 373, "fields": {"date": "2025-03-09", "customer_from": "TEX", "customer_to": "RANGANAYAKI", "party": 67, "vehicle": 5, "driver": 5, "total": "300.0", "no_of_invoices": 0}}, {"model": "main.entry", "pk": 374, "fields": {"date": "2025-03-13", "customer_from": "TEX+OMMURUGA", "customer_to": "TEX+THANGAVELL", "party": 64, "vehicle": 5, "driver": 5, "total": "1100.0", "no_of_invoices": 0}}, {"model": "main.entry", "pk": 375, "fields": {"date": "2025-03-24", "customer_from": "tex", "customer_to": "vedhanayaki", "party": 19, "vehicle": 2, "driver": 2, "total": "350.0", "no_of_invoices": 0}}, {"model": "main.entry", "pk": 376, "fields": {"date": "2025-03-24", "customer_from": "kathirvell + VEDHANAYAKI", "customer_to": "TEX", "party": 35, "vehicle": 2, "driver": 2, "total": "1300.0", "no_of_invoices": 0}}, {"model": "main.entry", "pk": 377, "fields": {"date": "2025-03-24", "customer_from": "OMMURUGA", "customer_to": "TEX", "party": 46, "vehicle": 2, "driver": 2, "total": "300.0", "no_of_invoices": 0}}, {"model": "main.entry", "pk": 378, "fields": {"date": "2025-03-24", "customer_from": "SGT", "customer_to": "TEX", "party": 76, "vehicle": 2, "driver": 2, "total": "300.0", "no_of_invoices": 0}}, {"model": "main.entry", "pk": 379, "fields": {"date": "2025-03-24", "customer_from": "TEX", "customer_to": "SGT", "party": 29, "vehicle": 2, "driver": 2, "total": "350.0", "no_of_invoices": 0}}, {"model": "main.entry", "pk": 380, "fields": {"date": "2025-03-24", "customer_from": "TEX", "customer_to": "SGT", "party": 31, "vehicle": 2, "driver": 2, "total": "200.0", "no_of_invoices": 0}}, {"model": "main.entry", "pk": 381, "fields": {"date": "2025-03-24", "customer_from": "TEX", "customer_to": "SARAVANA", "party": 34, "vehicle": 2, "driver": 2, "total": "600.0", "no_of_invoices": 0}}, {"model": "main.entry", "pk": 382, "fields": {"date": "2025-03-24", "customer_from": "VENGATESHWARA", "customer_to": "TEX", "party": 52, "vehicle": 2, "driver": 2, "total": "400.0", "no_of_invoices": 0}}, {"model": "main.entry", "pk": 383, "fields": {"date": "2025-03-24", "customer_from": "NIKESH", "customer_to": "TEX", "party": 92, "vehicle": 2, "driver": 2, "total": "800.0", "no_of_invoices": 0}}, {"model": "main.entry", "pk": 384, "fields": {"date": "2025-03-24", "customer_from": "NIKESH", "customer_to": "TEX", "party": 33, "vehicle": 2, "driver": 2, "total": "450.0", "no_of_invoices": 0}}, {"model": "main.entry", "pk": 385, "fields": {"date": "2025-03-24", "customer_from": "THIRUKUMARAN", "customer_to": "TEX", "party": 56, "vehicle": 2, "driver": 2, "total": "450.0", "no_of_invoices": 0}}, {"model": "main.entry", "pk": 386, "fields": {"date": "2025-03-24", "customer_from": "PALANISAMY", "customer_to": "TEX", "party": 58, "vehicle": 2, "driver": 2, "total": "300.0", "no_of_invoices": 0}}, {"model": "main.entry", "pk": 387, "fields": {"date": "2025-03-25", "customer_from": "SGT", "customer_to": "TEX", "party": 76, "vehicle": 2, "driver": 2, "total": "300.0", "no_of_invoices": 0}}, {"model": "main.entry", "pk": 388, "fields": {"date": "2025-03-25", "customer_from": "TEX", "customer_to": "SGT", "party": 31, "vehicle": 2, "driver": 2, "total": "300.0", "no_of_invoices": 0}}, {"model": "main.entry", "pk": 389, "fields": {"date": "2025-03-25", "customer_from": "TEX+ JAYAMURUGA", "customer_to": "TEX+VEDHANAYAKI", "party": 45, "vehicle": 2, "driver": 2, "total": "950.0", "no_of_invoices": 0}}, {"model": "main.entry", "pk": 390, "fields": {"date": "2025-03-25", "customer_from": "VETHANAYAGI", "customer_to": "TEX", "party": 18, "vehicle": 2, "driver": 2, "total": "450.0", "no_of_invoices": 0}}, {"model": "main.entry", "pk": 391, "fields": {"date": "2025-03-25", "customer_from": "VETHANAYAGI", "customer_to": "TEX", "party": 19, "vehicle": 2, "driver": 2, "total": "450.0", "no_of_invoices": 0}}, {"model": "main.entry", "pk": 392, "fields": {"date": "2025-03-26", "customer_from": "SGT", "customer_to": "TEX", "party": 31, "vehicle": 2, "driver": 2, "total": "300.0", "no_of_invoices": 0}}, {"model": "main.entry", "pk": 393, "fields": {"date": "2025-03-26", "customer_from": "TEX", "customer_to": "ANNAMALAIYAR", "party": 80, "vehicle": 2, "driver": 2, "total": "200.0", "no_of_invoices": 0}}, {"model": "main.entry", "pk": 394, "fields": {"date": "2025-03-26", "customer_from": "SGT +TEX", "customer_to": "TEX+SGT", "party": 63, "vehicle": 2, "driver": 2, "total": "400.0", "no_of_invoices": 0}}, {"model": "main.entry", "pk": 395, "fields": {"date": "2025-03-26", "customer_from": "ANNAMALAIYAR", "customer_to": "TEX", "party": 28, "vehicle": 2, "driver": 2, "total": "250.0", "no_of_invoices": 0}}, {"model": "main.entry", "pk": 396, "fields": {"date": "2025-03-26", "customer_from": "TEX", "customer_to": "WEVER", "party": 41, "vehicle": 2, "driver": 2, "total": "250.0", "no_of_invoices": 0}}, {"model": "main.entry", "pk": 397, "fields": {"date": "2025-03-26", "customer_from": "NIKALYA ", "customer_to": "MAYAVAN", "party": 98, "vehicle": 2, "driver": 2, "total": "300.0", "no_of_invoices": 0}}, {"model": "main.entry", "pk": 398, "fields": {"date": "2025-03-26", "customer_from": "KEVI", "customer_to": "MAYAVAN+RANGANAYAKI", "party": 98, "vehicle": 2, "driver": 2, "total": "600.0", "no_of_invoices": 0}}, {"model": "main.entry", "pk": 399, "fields": {"date": "2025-03-26", "customer_from": "MAYAVAN", "customer_to": "TEX", "party": 79, "vehicle": 2, "driver": 2, "total": "450.0", "no_of_invoices": 0}}, {"model": "main.entry", "pk": 400, "fields": {"date": "2025-03-26", "customer_from": "OMMURUGA", "customer_to": "TRX", "party": 53, "vehicle": 2, "driver": 2, "total": "400.0", "no_of_invoices": 0}}, {"model": "main.entry", "pk": 401, "fields": {"date": "2025-03-27", "customer_from": "TEX+RANGANAYAKI+ADHITHYA", "customer_to": "RANGANAYAKI + TEX", "party": 23, "vehicle": 2, "driver": 2, "total": "950.0", "no_of_invoices": 0}}, {"model": "main.entry", "pk": 402, "fields": {"date": "2025-03-27", "customer_from": "TEX", "customer_to": "RANGANAYAKI", "party": 27, "vehicle": 2, "driver": 2, "total": "300.0", "no_of_invoices": 0}}, {"model": "main.entry", "pk": 403, "fields": {"date": "2025-03-27", "customer_from": "TEX", "customer_to": "RANGANAYAKI", "party": 55, "vehicle": 2, "driver": 2, "total": "600.0", "no_of_invoices": 0}}, {"model": "main.entry", "pk": 404, "fields": {"date": "2025-03-27", "customer_from": "TEX", "customer_to": "RANGANAYAKI", "party": 58, "vehicle": 2, "driver": 2, "total": "300.0", "no_of_invoices": 0}}, {"model": "main.entry", "pk": 405, "fields": {"date": "2025-03-27", "customer_from": "TEX", "customer_to": "SUNIL", "party": 70, "vehicle": 2, "driver": 2, "total": "350.0", "no_of_invoices": 0}}, {"model": "main.entry", "pk": 406, "fields": {"date": "2025-03-27", "customer_from": "TEX", "customer_to": "KATHIRVELL", "party": 62, "vehicle": 2, "driver": 2, "total": "600.0", "no_of_invoices": 0}}, {"model": "main.entry", "pk": 407, "fields": {"date": "2025-03-28", "customer_from": "SGT", "customer_to": "TEX", "party": 31, "vehicle": 2, "driver": 2, "total": "300.0", "no_of_invoices": 0}}, {"model": "main.entry", "pk": 408, "fields": {"date": "2025-03-28", "customer_from": "WEVER", "customer_to": "TEX", "party": 46, "vehicle": 2, "driver": 2, "total": "250.0", "no_of_invoices": 0}}, {"model": "main.entry", "pk": 409, "fields": {"date": "2025-03-28", "customer_from": "TEX", "customer_to": "OMMURUGA", "party": 41, "vehicle": 2, "driver": 2, "total": "300.0", "no_of_invoices": 0}}, {"model": "main.entry", "pk": 410, "fields": {"date": "2025-03-28", "customer_from": "TEX", "customer_to": "JAYAMURUGA", "party": 50, "vehicle": 2, "driver": 2, "total": "350.0", "no_of_invoices": 0}}, {"model": "main.entry", "pk": 411, "fields": {"date": "2025-03-28", "customer_from": "MAYAVAN", "customer_to": "JAYAMURUGA", "party": 77, "vehicle": 2, "driver": 2, "total": "400.0", "no_of_invoices": 0}}, {"model": "main.entry", "pk": 413, "fields": {"date": "2025-03-28", "customer_from": "RANGANAYAKI", "customer_to": "TEX", "party": 23, "vehicle": 2, "driver": 2, "total": "700.0", "no_of_invoices": 0}}, {"model": "main.entry", "pk": 414, "fields": {"date": "2025-03-28", "customer_from": "RANGANAYAKI", "customer_to": "TEX", "party": 55, "vehicle": 2, "driver": 2, "total": "800.0", "no_of_invoices": 0}}, {"model": "main.entry", "pk": 415, "fields": {"date": "2025-03-28", "customer_from": "TEX", "customer_to": "OMMURUGA", "party": 41, "vehicle": 2, "driver": 2, "total": "300.0", "no_of_invoices": 0}}, {"model": "main.entry", "pk": 416, "fields": {"date": "2025-03-28", "customer_from": "RANGANAYAKI", "customer_to": "TEX", "party": 68, "vehicle": 2, "driver": 2, "total": "1400.0", "no_of_invoices": 0}}, {"model": "main.entry", "pk": 417, "fields": {"date": "2025-03-29", "customer_from": "OMMURUGA+NETHRA+SUBRAMANI", "customer_to": "TEX", "party": 41, "vehicle": 2, "driver": 2, "total": "1400.0", "no_of_invoices": 0}}, {"model": "main.entry", "pk": 418, "fields": {"date": "2025-03-29", "customer_from": "TEX", "customer_to": "THANGAM", "party": 62, "vehicle": 2, "driver": 2, "total": "500.0", "no_of_invoices": 0}}, {"model": "main.entry", "pk": 419, "fields": {"date": "2025-03-29", "customer_from": "TEX", "customer_to": "B S", "party": 63, "vehicle": 2, "driver": 2, "total": "250.0", "no_of_invoices": 0}}, {"model": "main.entry", "pk": 420, "fields": {"date": "2025-03-29", "customer_from": "TEX", "customer_to": "B S", "party": 50, "vehicle": 2, "driver": 2, "total": "700.0", "no_of_invoices": 0}}, {"model": "main.entry", "pk": 421, "fields": {"date": "2025-03-29", "customer_from": "VINAYAKA", "customer_to": "TEX", "party": 56, "vehicle": 2, "driver": 2, "total": "250.0", "no_of_invoices": 0}}, {"model": "main.entry", "pk": 422, "fields": {"date": "2025-03-29", "customer_from": "SAIRAM", "customer_to": "TEX", "party": 37, "vehicle": 2, "driver": 2, "total": "200.0", "no_of_invoices": 0}}, {"model": "main.entry", "pk": 423, "fields": {"date": "2025-03-29", "customer_from": "SAIRAM", "customer_to": "TEX", "party": 23, "vehicle": 2, "driver": 2, "total": "0.0", "no_of_invoices": 0}}, {"model": "main.entry", "pk": 424, "fields": {"date": "2025-03-29", "customer_from": "JAIKRISHANA", "customer_to": "TEX", "party": 64, "vehicle": 2, "driver": 2, "total": "1000.0", "no_of_invoices": 0}}, {"model": "main.entry", "pk": 425, "fields": {"date": "2025-03-31", "customer_from": "KKS", "customer_to": "TEX", "party": 20, "vehicle": 2, "driver": 2, "total": "500.0", "no_of_invoices": 0}}, {"model": "main.entry", "pk": 426, "fields": {"date": "2025-03-31", "customer_from": "RANGANAYAKI", "customer_to": "TEX", "party": 31, "vehicle": 2, "driver": 2, "total": "1100.0", "no_of_invoices": 0}}, {"model": "main.entry", "pk": 427, "fields": {"date": "2025-03-11", "customer_from": "TEX", "customer_to": "THINGALUR TEX", "party": 74, "vehicle": 1, "driver": 1, "total": "300.0", "no_of_invoices": 0}}, {"model": "main.entry", "pk": 428, "fields": {"date": "2025-03-11", "customer_from": "TEX", "customer_to": "MAYURA", "party": 36, "vehicle": 1, "driver": 1, "total": "300.0", "no_of_invoices": 0}}, {"model": "main.entry", "pk": 429, "fields": {"date": "2025-03-13", "customer_from": "TEX", "customer_to": "VELAVAN +THIRUMURUGAN", "party": 44, "vehicle": 1, "driver": 1, "total": "700.0", "no_of_invoices": 0}}, {"model": "main.entry", "pk": 430, "fields": {"date": "2025-03-15", "customer_from": "WEVER", "customer_to": "TEX", "party": 49, "vehicle": 1, "driver": 1, "total": "250.0", "no_of_invoices": 0}}, {"model": "main.entry", "pk": 431, "fields": {"date": "2025-03-13", "customer_from": "PHRABU", "customer_to": "TEX", "party": 29, "vehicle": 1, "driver": 1, "total": "200.0", "no_of_invoices": 0}}, {"model": "main.entry", "pk": 432, "fields": {"date": "2025-03-17", "customer_from": "SEYAL WARPING", "customer_to": "MOTHI", "party": 99, "vehicle": 1, "driver": 1, "total": "350.0", "no_of_invoices": 0}}, {"model": "main.entry", "pk": 433, "fields": {"date": "2025-03-17", "customer_from": "TEX", "customer_to": "ADITYA", "party": 29, "vehicle": 4, "driver": 4, "total": "240.0", "no_of_invoices": 0}}, {"model": "main.entry", "pk": 434, "fields": {"date": "2025-03-16", "customer_from": "S G T", "customer_to": "TEX", "party": 63, "vehicle": 1, "driver": 1, "total": "400.0", "no_of_invoices": 0}}, {"model": "main.entry", "pk": 435, "fields": {"date": "2025-03-16", "customer_from": "MAYURA", "customer_to": "TEX", "party": 36, "vehicle": 1, "driver": 1, "total": "300.0", "no_of_invoices": 0}}, {"model": "main.entry", "pk": 436, "fields": {"date": "2025-03-19", "customer_from": "TEX", "customer_to": "AMPIKA WARPING", "party": 77, "vehicle": 1, "driver": 1, "total": "350.0", "no_of_invoices": 0}}, {"model": "main.entry", "pk": 437, "fields": {"date": "2025-03-19", "customer_from": "TEX", "customer_to": "WEAVER", "party": 71, "vehicle": 1, "driver": 1, "total": "250.0", "no_of_invoices": 0}}, {"model": "main.entry", "pk": 438, "fields": {"date": "2025-03-20", "customer_from": "A S P", "customer_to": "TEX", "party": 88, "vehicle": 1, "driver": 1, "total": "300.0", "no_of_invoices": 0}}, {"model": "main.entry", "pk": 439, "fields": {"date": "2025-03-20", "customer_from": "WEAVER", "customer_to": "TEX", "party": 71, "vehicle": 1, "driver": 1, "total": "250.0", "no_of_invoices": 0}}, {"model": "main.entry", "pk": 440, "fields": {"date": "2025-03-21", "customer_from": "TEX", "customer_to": "VELAVAN ", "party": 69, "vehicle": 1, "driver": 1, "total": "400.0", "no_of_invoices": 0}}, {"model": "main.entry", "pk": 441, "fields": {"date": "2025-03-23", "customer_from": "TEX+S G T", "customer_to": "S G T+TEX", "party": 63, "vehicle": 1, "driver": 1, "total": "500.0", "no_of_invoices": 0}}, {"model": "main.entry", "pk": 442, "fields": {"date": "2025-03-23", "customer_from": "TEX", "customer_to": "SARAVANA LATH", "party": 62, "vehicle": 1, "driver": 1, "total": "600.0", "no_of_invoices": 0}}, {"model": "main.entry", "pk": 443, "fields": {"date": "2025-03-24", "customer_from": "TEX", "customer_to": "VINU TEX", "party": 46, "vehicle": 1, "driver": 1, "total": "250.0", "no_of_invoices": 0}}, {"model": "main.entry", "pk": 444, "fields": {"date": "2025-03-24", "customer_from": "HARI TEX", "customer_to": "PALANISAMY WARPING", "party": 93, "vehicle": 1, "driver": 1, "total": "400.0", "no_of_invoices": 0}}, {"model": "main.entry", "pk": 445, "fields": {"date": "2025-03-25", "customer_from": "A S P", "customer_to": "TEX", "party": 88, "vehicle": 1, "driver": 1, "total": "350.0", "no_of_invoices": 0}}, {"model": "main.entry", "pk": 446, "fields": {"date": "2025-03-26", "customer_from": "TEX", "customer_to": "VELAVAN", "party": 69, "vehicle": 1, "driver": 1, "total": "400.0", "no_of_invoices": 0}}, {"model": "main.entry", "pk": 447, "fields": {"date": "2025-03-26", "customer_from": "ELIT", "customer_to": "TEX", "party": 31, "vehicle": 1, "driver": 1, "total": "500.0", "no_of_invoices": 0}}, {"model": "main.entry", "pk": 448, "fields": {"date": "2025-03-29", "customer_from": "TEX", "customer_to": "VELAVAN", "party": 69, "vehicle": 1, "driver": 1, "total": "400.0", "no_of_invoices": 0}}, {"model": "main.entry", "pk": 449, "fields": {"date": "2025-03-31", "customer_from": "TEX", "customer_to": "SELVAM TEX", "party": 36, "vehicle": 1, "driver": 1, "total": "200.0", "no_of_invoices": 0}}, {"model": "main.entryitem", "pk": 3, "fields": {"entry": 3, "item": 3, "quantity": "3", "total": "1100"}}, {"model": "main.entryitem", "pk": 5, "fields": {"entry": 5, "item": 4, "quantity": "1", "total": "200"}}, {"model": "main.entryitem", "pk": 6, "fields": {"entry": 6, "item": 3, "quantity": "1", "total": "400"}}, {"model": "main.entryitem", "pk": 7, "fields": {"entry": 7, "item": 3, "quantity": "1", "total": "0"}}, {"model": "main.entryitem", "pk": 8, "fields": {"entry": 7, "item": 6, "quantity": "30", "total": "400"}}, {"model": "main.entryitem", "pk": 9, "fields": {"entry": 8, "item": 1, "quantity": "2", "total": "0"}}, {"model": "main.entryitem", "pk": 10, "fields": {"entry": 8, "item": 6, "quantity": "300", "total": "0"}}, {"model": "main.entryitem", "pk": 11, "fields": {"entry": 8, "item": 3, "quantity": "2", "total": "250"}}, {"model": "main.entryitem", "pk": 18, "fields": {"entry": 14, "item": 3, "quantity": "2", "total": "800"}}, {"model": "main.entryitem", "pk": 19, "fields": {"entry": 15, "item": 1, "quantity": "2", "total": "600"}}, {"model": "main.entryitem", "pk": 20, "fields": {"entry": 16, "item": 3, "quantity": "1", "total": "0"}}, {"model": "main.entryitem", "pk": 21, "fields": {"entry": 16, "item": 1, "quantity": "1", "total": "700"}}, {"model": "main.entryitem", "pk": 22, "fields": {"entry": 17, "item": 3, "quantity": "1", "total": "400"}}, {"model": "main.entryitem", "pk": 23, "fields": {"entry": 18, "item": 3, "quantity": "1", "total": "400"}}, {"model": "main.entryitem", "pk": 24, "fields": {"entry": 19, "item": 1, "quantity": "2", "total": "700"}}, {"model": "main.entryitem", "pk": 25, "fields": {"entry": 20, "item": 3, "quantity": "2", "total": "900"}}, {"model": "main.entryitem", "pk": 26, "fields": {"entry": 21, "item": 3, "quantity": "1", "total": "0"}}, {"model": "main.entryitem", "pk": 27, "fields": {"entry": 21, "item": 6, "quantity": "230", "total": "400"}}, {"model": "main.entryitem", "pk": 28, "fields": {"entry": 22, "item": 1, "quantity": "2", "total": "600"}}, {"model": "main.entryitem", "pk": 29, "fields": {"entry": 23, "item": 1, "quantity": "1", "total": "300"}}, {"model": "main.entryitem", "pk": 30, "fields": {"entry": 24, "item": 1, "quantity": "1", "total": "300"}}, {"model": "main.entryitem", "pk": 31, "fields": {"entry": 25, "item": 1, "quantity": "1", "total": "300"}}, {"model": "main.entryitem", "pk": 32, "fields": {"entry": 26, "item": 3, "quantity": "1", "total": "400"}}, {"model": "main.entryitem", "pk": 33, "fields": {"entry": 27, "item": 3, "quantity": "1", "total": "400"}}, {"model": "main.entryitem", "pk": 34, "fields": {"entry": 28, "item": 3, "quantity": "1", "total": "400"}}, {"model": "main.entryitem", "pk": 37, "fields": {"entry": 30, "item": 1, "quantity": "1", "total": "0"}}, {"model": "main.entryitem", "pk": 38, "fields": {"entry": 30, "item": 3, "quantity": "1", "total": "0"}}, {"model": "main.entryitem", "pk": 39, "fields": {"entry": 30, "item": 7, "quantity": "161", "total": "400"}}, {"model": "main.entryitem", "pk": 40, "fields": {"entry": 31, "item": 1, "quantity": "5", "total": "1000"}}, {"model": "main.entryitem", "pk": 41, "fields": {"entry": 32, "item": 1, "quantity": "1", "total": "300"}}, {"model": "main.entryitem", "pk": 42, "fields": {"entry": 33, "item": 1, "quantity": "1", "total": "300"}}, {"model": "main.entryitem", "pk": 43, "fields": {"entry": 34, "item": 3, "quantity": "1", "total": "450"}}, {"model": "main.entryitem", "pk": 44, "fields": {"entry": 35, "item": 4, "quantity": "2", "total": "350"}}, {"model": "main.entryitem", "pk": 45, "fields": {"entry": 36, "item": 3, "quantity": "2", "total": "800"}}, {"model": "main.entryitem", "pk": 46, "fields": {"entry": 37, "item": 1, "quantity": "1", "total": "300"}}, {"model": "main.entryitem", "pk": 47, "fields": {"entry": 38, "item": 1, "quantity": "2", "total": "300"}}, {"model": "main.entryitem", "pk": 48, "fields": {"entry": 39, "item": 3, "quantity": "1", "total": "400"}}, {"model": "main.entryitem", "pk": 51, "fields": {"entry": 41, "item": 1, "quantity": "2", "total": "400"}}, {"model": "main.entryitem", "pk": 52, "fields": {"entry": 42, "item": 1, "quantity": "2", "total": "300"}}, {"model": "main.entryitem", "pk": 53, "fields": {"entry": 43, "item": 7, "quantity": "2", "total": "1200"}}, {"model": "main.entryitem", "pk": 54, "fields": {"entry": 43, "item": 7, "quantity": "6", "total": "400"}}, {"model": "main.entryitem", "pk": 55, "fields": {"entry": 44, "item": 7, "quantity": "6", "total": "400"}}, {"model": "main.entryitem", "pk": 57, "fields": {"entry": 46, "item": 3, "quantity": "1", "total": "400"}}, {"model": "main.entryitem", "pk": 58, "fields": {"entry": 47, "item": 3, "quantity": "1", "total": "450"}}, {"model": "main.entryitem", "pk": 59, "fields": {"entry": 48, "item": 3, "quantity": "1", "total": "450"}}, {"model": "main.entryitem", "pk": 60, "fields": {"entry": 49, "item": 3, "quantity": "2", "total": "800"}}, {"model": "main.entryitem", "pk": 78, "fields": {"entry": 29, "item": 3, "quantity": "2", "total": "0"}}, {"model": "main.entryitem", "pk": 79, "fields": {"entry": 29, "item": 7, "quantity": "332", "total": "350"}}, {"model": "main.entryitem", "pk": 82, "fields": {"entry": 51, "item": 3, "quantity": "1", "total": "0"}}, {"model": "main.entryitem", "pk": 83, "fields": {"entry": 51, "item": 7, "quantity": "5", "total": "300"}}, {"model": "main.entryitem", "pk": 84, "fields": {"entry": 52, "item": 1, "quantity": "1", "total": "500"}}, {"model": "main.entryitem", "pk": 85, "fields": {"entry": 50, "item": 3, "quantity": "1", "total": "250"}}, {"model": "main.entryitem", "pk": 87, "fields": {"entry": 53, "item": 1, "quantity": "2", "total": "0"}}, {"model": "main.entryitem", "pk": 88, "fields": {"entry": 53, "item": 7, "quantity": "1", "total": "600"}}, {"model": "main.entryitem", "pk": 89, "fields": {"entry": 65, "item": 5, "quantity": "1200", "total": "1000"}}, {"model": "main.entryitem", "pk": 90, "fields": {"entry": 66, "item": 1, "quantity": "6", "total": "1000"}}, {"model": "main.entryitem", "pk": 91, "fields": {"entry": 67, "item": 1, "quantity": "1", "total": "350"}}, {"model": "main.entryitem", "pk": 92, "fields": {"entry": 68, "item": 1, "quantity": "2", "total": "800"}}, {"model": "main.entryitem", "pk": 93, "fields": {"entry": 69, "item": 6, "quantity": "180", "total": "350"}}, {"model": "main.entryitem", "pk": 94, "fields": {"entry": 70, "item": 3, "quantity": "2", "total": "800"}}, {"model": "main.entryitem", "pk": 95, "fields": {"entry": 71, "item": 3, "quantity": "2", "total": "800"}}, {"model": "main.entryitem", "pk": 96, "fields": {"entry": 72, "item": 3, "quantity": "2", "total": "800"}}, {"model": "main.entryitem", "pk": 99, "fields": {"entry": 9, "item": 5, "quantity": "2158", "total": "0"}}, {"model": "main.entryitem", "pk": 100, "fields": {"entry": 9, "item": 6, "quantity": "220", "total": "400"}}, {"model": "main.entryitem", "pk": 101, "fields": {"entry": 10, "item": 1, "quantity": "1", "total": "300"}}, {"model": "main.entryitem", "pk": 102, "fields": {"entry": 11, "item": 1, "quantity": "2", "total": "600"}}, {"model": "main.entryitem", "pk": 103, "fields": {"entry": 12, "item": 3, "quantity": "1", "total": "400"}}, {"model": "main.entryitem", "pk": 104, "fields": {"entry": 13, "item": 3, "quantity": "1", "total": "400"}}, {"model": "main.entryitem", "pk": 105, "fields": {"entry": 40, "item": 3, "quantity": "2", "total": "0"}}, {"model": "main.entryitem", "pk": 106, "fields": {"entry": 40, "item": 7, "quantity": "23", "total": "800"}}, {"model": "main.entryitem", "pk": 107, "fields": {"entry": 75, "item": 3, "quantity": "2", "total": "0"}}, {"model": "main.entryitem", "pk": 108, "fields": {"entry": 75, "item": 6, "quantity": "320", "total": "400"}}, {"model": "main.entryitem", "pk": 109, "fields": {"entry": 76, "item": 1, "quantity": "3", "total": "900"}}, {"model": "main.entryitem", "pk": 110, "fields": {"entry": 77, "item": 1, "quantity": "1", "total": "300"}}, {"model": "main.entryitem", "pk": 111, "fields": {"entry": 78, "item": 1, "quantity": "1", "total": "300"}}, {"model": "main.entryitem", "pk": 112, "fields": {"entry": 79, "item": 3, "quantity": "2", "total": "1100"}}, {"model": "main.entryitem", "pk": 113, "fields": {"entry": 79, "item": 6, "quantity": "347", "total": "0"}}, {"model": "main.entryitem", "pk": 114, "fields": {"entry": 80, "item": 6, "quantity": "297", "total": "500"}}, {"model": "main.entryitem", "pk": 115, "fields": {"entry": 81, "item": 6, "quantity": "180", "total": "300"}}, {"model": "main.entryitem", "pk": 116, "fields": {"entry": 82, "item": 6, "quantity": "199", "total": "350"}}, {"model": "main.entryitem", "pk": 117, "fields": {"entry": 83, "item": 3, "quantity": "1", "total": "500"}}, {"model": "main.entryitem", "pk": 118, "fields": {"entry": 84, "item": 6, "quantity": "117", "total": "200"}}, {"model": "main.entryitem", "pk": 119, "fields": {"entry": 85, "item": 3, "quantity": "1", "total": "300"}}, {"model": "main.entryitem", "pk": 120, "fields": {"entry": 85, "item": 6, "quantity": "120", "total": "0"}}, {"model": "main.entryitem", "pk": 121, "fields": {"entry": 86, "item": 3, "quantity": "2", "total": "3000"}}, {"model": "main.entryitem", "pk": 122, "fields": {"entry": 87, "item": 1, "quantity": "4", "total": "900"}}, {"model": "main.entryitem", "pk": 123, "fields": {"entry": 88, "item": 1, "quantity": "2", "total": "700"}}, {"model": "main.entryitem", "pk": 124, "fields": {"entry": 89, "item": 1, "quantity": "3", "total": "800"}}, {"model": "main.entryitem", "pk": 125, "fields": {"entry": 90, "item": 3, "quantity": "1", "total": "400"}}, {"model": "main.entryitem", "pk": 126, "fields": {"entry": 91, "item": 1, "quantity": "1", "total": "350"}}, {"model": "main.entryitem", "pk": 127, "fields": {"entry": 92, "item": 3, "quantity": "3", "total": "1300"}}, {"model": "main.entryitem", "pk": 128, "fields": {"entry": 92, "item": 6, "quantity": "272", "total": "0"}}, {"model": "main.entryitem", "pk": 129, "fields": {"entry": 93, "item": 6, "quantity": "156", "total": "300"}}, {"model": "main.entryitem", "pk": 130, "fields": {"entry": 94, "item": 1, "quantity": "2", "total": "600"}}, {"model": "main.entryitem", "pk": 131, "fields": {"entry": 95, "item": 1, "quantity": "3", "total": "800"}}, {"model": "main.entryitem", "pk": 132, "fields": {"entry": 96, "item": 1, "quantity": "3", "total": "800"}}, {"model": "main.entryitem", "pk": 133, "fields": {"entry": 97, "item": 6, "quantity": "142", "total": "650"}}, {"model": "main.entryitem", "pk": 134, "fields": {"entry": 98, "item": 3, "quantity": "1", "total": "400"}}, {"model": "main.entryitem", "pk": 135, "fields": {"entry": 98, "item": 6, "quantity": "18", "total": "0"}}, {"model": "main.entryitem", "pk": 136, "fields": {"entry": 99, "item": 1, "quantity": "1", "total": "350"}}, {"model": "main.entryitem", "pk": 137, "fields": {"entry": 99, "item": 1, "quantity": "1", "total": "350"}}, {"model": "main.entryitem", "pk": 138, "fields": {"entry": 100, "item": 2, "quantity": "1", "total": "0"}}, {"model": "main.entryitem", "pk": 139, "fields": {"entry": 100, "item": 1, "quantity": "2", "total": "800"}}, {"model": "main.entryitem", "pk": 140, "fields": {"entry": 101, "item": 1, "quantity": "1", "total": "0"}}, {"model": "main.entryitem", "pk": 141, "fields": {"entry": 101, "item": 3, "quantity": "1", "total": "750"}}, {"model": "main.entryitem", "pk": 142, "fields": {"entry": 102, "item": 1, "quantity": "2", "total": "0"}}, {"model": "main.entryitem", "pk": 143, "fields": {"entry": 102, "item": 2, "quantity": "2", "total": "850"}}, {"model": "main.entryitem", "pk": 144, "fields": {"entry": 103, "item": 1, "quantity": "2", "total": "700"}}, {"model": "main.entryitem", "pk": 145, "fields": {"entry": 104, "item": 3, "quantity": "2", "total": "750"}}, {"model": "main.entryitem", "pk": 146, "fields": {"entry": 105, "item": 6, "quantity": "294", "total": "600"}}, {"model": "main.entryitem", "pk": 147, "fields": {"entry": 106, "item": 1, "quantity": "2", "total": "0"}}, {"model": "main.entryitem", "pk": 148, "fields": {"entry": 106, "item": 3, "quantity": "1", "total": "0"}}, {"model": "main.entryitem", "pk": 149, "fields": {"entry": 106, "item": 3, "quantity": "1", "total": "1000"}}, {"model": "main.entryitem", "pk": 150, "fields": {"entry": 107, "item": 3, "quantity": "1", "total": "400"}}, {"model": "main.entryitem", "pk": 151, "fields": {"entry": 108, "item": 1, "quantity": "2", "total": "600"}}, {"model": "main.entryitem", "pk": 152, "fields": {"entry": 109, "item": 7, "quantity": "3", "total": "350"}}, {"model": "main.entryitem", "pk": 153, "fields": {"entry": 110, "item": 1, "quantity": "1", "total": "300"}}, {"model": "main.entryitem", "pk": 157, "fields": {"entry": 114, "item": 1, "quantity": "2", "total": "600"}}, {"model": "main.entryitem", "pk": 158, "fields": {"entry": 115, "item": 3, "quantity": "1", "total": "400"}}, {"model": "main.entryitem", "pk": 159, "fields": {"entry": 116, "item": 3, "quantity": "2", "total": "800"}}, {"model": "main.entryitem", "pk": 160, "fields": {"entry": 117, "item": 3, "quantity": "1", "total": "400"}}, {"model": "main.entryitem", "pk": 161, "fields": {"entry": 118, "item": 1, "quantity": "2", "total": "600"}}, {"model": "main.entryitem", "pk": 162, "fields": {"entry": 119, "item": 3, "quantity": "3", "total": "1000"}}, {"model": "main.entryitem", "pk": 163, "fields": {"entry": 120, "item": 3, "quantity": "1", "total": "400"}}, {"model": "main.entryitem", "pk": 164, "fields": {"entry": 121, "item": 5, "quantity": "1299", "total": "519.6"}}, {"model": "main.entryitem", "pk": 165, "fields": {"entry": 122, "item": 5, "quantity": "1608", "total": "562.8"}}, {"model": "main.entryitem", "pk": 167, "fields": {"entry": 124, "item": 5, "quantity": "683", "total": "273.2"}}, {"model": "main.entryitem", "pk": 168, "fields": {"entry": 125, "item": 5, "quantity": "1762", "total": "704.8000000000001"}}, {"model": "main.entryitem", "pk": 169, "fields": {"entry": 126, "item": 5, "quantity": "1628", "total": "651.2"}}, {"model": "main.entryitem", "pk": 170, "fields": {"entry": 127, "item": 5, "quantity": "2123", "total": "849.2"}}, {"model": "main.entryitem", "pk": 171, "fields": {"entry": 128, "item": 3, "quantity": "1", "total": "350"}}, {"model": "main.entryitem", "pk": 172, "fields": {"entry": 129, "item": 3, "quantity": "2", "total": "800"}}, {"model": "main.entryitem", "pk": 173, "fields": {"entry": 130, "item": 3, "quantity": "1", "total": "450"}}, {"model": "main.entryitem", "pk": 174, "fields": {"entry": 131, "item": 1, "quantity": "3", "total": "800"}}, {"model": "main.entryitem", "pk": 175, "fields": {"entry": 132, "item": 1, "quantity": "1", "total": "0"}}, {"model": "main.entryitem", "pk": 176, "fields": {"entry": 133, "item": 1, "quantity": "1", "total": "0"}}, {"model": "main.entryitem", "pk": 177, "fields": {"entry": 133, "item": 6, "quantity": "50", "total": "300"}}, {"model": "main.entryitem", "pk": 178, "fields": {"entry": 134, "item": 3, "quantity": "2", "total": "800"}}, {"model": "main.entryitem", "pk": 179, "fields": {"entry": 135, "item": 3, "quantity": "3", "total": "1100"}}, {"model": "main.entryitem", "pk": 180, "fields": {"entry": 136, "item": 1, "quantity": "2", "total": "600"}}, {"model": "main.entryitem", "pk": 181, "fields": {"entry": 137, "item": 1, "quantity": "1", "total": "350"}}, {"model": "main.entryitem", "pk": 182, "fields": {"entry": 138, "item": 1, "quantity": "1", "total": "300"}}, {"model": "main.entryitem", "pk": 183, "fields": {"entry": 139, "item": 3, "quantity": "1", "total": "400"}}, {"model": "main.entryitem", "pk": 184, "fields": {"entry": 140, "item": 3, "quantity": "2", "total": "700"}}, {"model": "main.entryitem", "pk": 185, "fields": {"entry": 141, "item": 1, "quantity": "1", "total": "500"}}, {"model": "main.entryitem", "pk": 186, "fields": {"entry": 142, "item": 5, "quantity": "1299", "total": "519."}}, {"model": "main.entryitem", "pk": 187, "fields": {"entry": 143, "item": 1, "quantity": "2", "total": "0"}}, {"model": "main.entryitem", "pk": 188, "fields": {"entry": 143, "item": 3, "quantity": "2", "total": "700"}}, {"model": "main.entryitem", "pk": 189, "fields": {"entry": 144, "item": 3, "quantity": "1", "total": "350"}}, {"model": "main.entryitem", "pk": 190, "fields": {"entry": 145, "item": 1, "quantity": "1", "total": "350"}}, {"model": "main.entryitem", "pk": 191, "fields": {"entry": 146, "item": 6, "quantity": "410", "total": "600"}}, {"model": "main.entryitem", "pk": 192, "fields": {"entry": 147, "item": 3, "quantity": "1", "total": "400"}}, {"model": "main.entryitem", "pk": 193, "fields": {"entry": 148, "item": 5, "quantity": "5053", "total": "1800"}}, {"model": "main.entryitem", "pk": 194, "fields": {"entry": 149, "item": 3, "quantity": "2", "total": "800"}}, {"model": "main.entryitem", "pk": 195, "fields": {"entry": 150, "item": 3, "quantity": "2", "total": "0"}}, {"model": "main.entryitem", "pk": 196, "fields": {"entry": 150, "item": 1, "quantity": "1", "total": "0"}}, {"model": "main.entryitem", "pk": 197, "fields": {"entry": 150, "item": 6, "quantity": "240", "total": "300"}}, {"model": "main.entryitem", "pk": 198, "fields": {"entry": 151, "item": 1, "quantity": "1", "total": "0"}}, {"model": "main.entryitem", "pk": 199, "fields": {"entry": 151, "item": 3, "quantity": "1", "total": "300"}}, {"model": "main.entryitem", "pk": 200, "fields": {"entry": 152, "item": 1, "quantity": "1", "total": "350"}}, {"model": "main.entryitem", "pk": 201, "fields": {"entry": 153, "item": 1, "quantity": "1", "total": "0"}}, {"model": "main.entryitem", "pk": 202, "fields": {"entry": 153, "item": 3, "quantity": "2", "total": "1000"}}, {"model": "main.entryitem", "pk": 203, "fields": {"entry": 154, "item": 1, "quantity": "2", "total": "500"}}, {"model": "main.entryitem", "pk": 205, "fields": {"entry": 155, "item": 1, "quantity": "3", "total": "800"}}, {"model": "main.entryitem", "pk": 206, "fields": {"entry": 156, "item": 1, "quantity": "2", "total": "600"}}, {"model": "main.entryitem", "pk": 207, "fields": {"entry": 157, "item": 1, "quantity": "1", "total": "300"}}, {"model": "main.entryitem", "pk": 208, "fields": {"entry": 158, "item": 1, "quantity": "3", "total": "800"}}, {"model": "main.entryitem", "pk": 209, "fields": {"entry": 159, "item": 3, "quantity": "2", "total": "800"}}, {"model": "main.entryitem", "pk": 210, "fields": {"entry": 160, "item": 3, "quantity": "1", "total": "400"}}, {"model": "main.entryitem", "pk": 211, "fields": {"entry": 161, "item": 6, "quantity": "120", "total": "250"}}, {"model": "main.entryitem", "pk": 212, "fields": {"entry": 162, "item": 1, "quantity": "2", "total": "500"}}, {"model": "main.entryitem", "pk": 213, "fields": {"entry": 163, "item": 1, "quantity": "2", "total": "600"}}, {"model": "main.entryitem", "pk": 214, "fields": {"entry": 164, "item": 1, "quantity": "2", "total": "600"}}, {"model": "main.entryitem", "pk": 215, "fields": {"entry": 165, "item": 1, "quantity": "2", "total": "600"}}, {"model": "main.entryitem", "pk": 216, "fields": {"entry": 166, "item": 3, "quantity": "1", "total": "0"}}, {"model": "main.entryitem", "pk": 217, "fields": {"entry": 166, "item": 6, "quantity": "100", "total": "500"}}, {"model": "main.entryitem", "pk": 218, "fields": {"entry": 167, "item": 3, "quantity": "1", "total": "400"}}, {"model": "main.entryitem", "pk": 219, "fields": {"entry": 168, "item": 3, "quantity": "2", "total": "900"}}, {"model": "main.entryitem", "pk": 220, "fields": {"entry": 169, "item": 6, "quantity": "180", "total": "350"}}, {"model": "main.entryitem", "pk": 221, "fields": {"entry": 170, "item": 1, "quantity": "1", "total": "0"}}, {"model": "main.entryitem", "pk": 222, "fields": {"entry": 170, "item": 3, "quantity": "1", "total": "0"}}, {"model": "main.entryitem", "pk": 223, "fields": {"entry": 170, "item": 6, "quantity": "120", "total": "1500"}}, {"model": "main.entryitem", "pk": 224, "fields": {"entry": 171, "item": 3, "quantity": "2", "total": "800"}}, {"model": "main.entryitem", "pk": 225, "fields": {"entry": 172, "item": 1, "quantity": "2", "total": "600"}}, {"model": "main.entryitem", "pk": 226, "fields": {"entry": 173, "item": 5, "quantity": "1856", "total": "0"}}, {"model": "main.entryitem", "pk": 227, "fields": {"entry": 173, "item": 6, "quantity": "30", "total": "0"}}, {"model": "main.entryitem", "pk": 228, "fields": {"entry": 173, "item": 3, "quantity": "1", "total": "1100"}}, {"model": "main.entryitem", "pk": 229, "fields": {"entry": 174, "item": 1, "quantity": "1", "total": "400"}}, {"model": "main.entryitem", "pk": 230, "fields": {"entry": 175, "item": 3, "quantity": "1", "total": "0"}}, {"model": "main.entryitem", "pk": 231, "fields": {"entry": 175, "item": 6, "quantity": "30", "total": "400"}}, {"model": "main.entryitem", "pk": 232, "fields": {"entry": 176, "item": 3, "quantity": "1", "total": "0"}}, {"model": "main.entryitem", "pk": 233, "fields": {"entry": 176, "item": 6, "quantity": "20", "total": "450"}}, {"model": "main.entryitem", "pk": 234, "fields": {"entry": 177, "item": 3, "quantity": "1", "total": "400"}}, {"model": "main.entryitem", "pk": 235, "fields": {"entry": 178, "item": 3, "quantity": "1", "total": "400"}}, {"model": "main.entryitem", "pk": 236, "fields": {"entry": 179, "item": 1, "quantity": "2", "total": "600"}}, {"model": "main.entryitem", "pk": 237, "fields": {"entry": 180, "item": 5, "quantity": "2264", "total": "800"}}, {"model": "main.entryitem", "pk": 238, "fields": {"entry": 181, "item": 3, "quantity": "1", "total": "400"}}, {"model": "main.entryitem", "pk": 239, "fields": {"entry": 182, "item": 3, "quantity": "1", "total": "400"}}, {"model": "main.entryitem", "pk": 240, "fields": {"entry": 183, "item": 3, "quantity": "1", "total": "0"}}, {"model": "main.entryitem", "pk": 241, "fields": {"entry": 183, "item": 6, "quantity": "53", "total": "500"}}, {"model": "main.entryitem", "pk": 242, "fields": {"entry": 184, "item": 1, "quantity": "4", "total": "800"}}, {"model": "main.entryitem", "pk": 243, "fields": {"entry": 185, "item": 1, "quantity": "1", "total": "300"}}, {"model": "main.entryitem", "pk": 244, "fields": {"entry": 186, "item": 3, "quantity": "2", "total": "800"}}, {"model": "main.entryitem", "pk": 245, "fields": {"entry": 187, "item": 3, "quantity": "2", "total": "800"}}, {"model": "main.entryitem", "pk": 246, "fields": {"entry": 188, "item": 1, "quantity": "3", "total": "800"}}, {"model": "main.entryitem", "pk": 247, "fields": {"entry": 189, "item": 3, "quantity": "2", "total": "0"}}, {"model": "main.entryitem", "pk": 248, "fields": {"entry": 189, "item": 6, "quantity": "40", "total": "900"}}, {"model": "main.entryitem", "pk": 249, "fields": {"entry": 190, "item": 3, "quantity": "1", "total": "0"}}, {"model": "main.entryitem", "pk": 250, "fields": {"entry": 190, "item": 6, "quantity": "85", "total": "600"}}, {"model": "main.entryitem", "pk": 251, "fields": {"entry": 191, "item": 6, "quantity": "240", "total": "500"}}, {"model": "main.entryitem", "pk": 252, "fields": {"entry": 192, "item": 6, "quantity": "70", "total": "150"}}, {"model": "main.entryitem", "pk": 253, "fields": {"entry": 193, "item": 6, "quantity": "290", "total": "600"}}, {"model": "main.entryitem", "pk": 254, "fields": {"entry": 194, "item": 1, "quantity": "3", "total": "900"}}, {"model": "main.entryitem", "pk": 255, "fields": {"entry": 195, "item": 3, "quantity": "2", "total": "0"}}, {"model": "main.entryitem", "pk": 256, "fields": {"entry": 195, "item": 6, "quantity": "220", "total": "1000"}}, {"model": "main.entryitem", "pk": 257, "fields": {"entry": 196, "item": 3, "quantity": "1", "total": "500"}}, {"model": "main.entryitem", "pk": 258, "fields": {"entry": 197, "item": 4, "quantity": "2", "total": "0"}}, {"model": "main.entryitem", "pk": 259, "fields": {"entry": 197, "item": 6, "quantity": "30", "total": "400"}}, {"model": "main.entryitem", "pk": 260, "fields": {"entry": 198, "item": 1, "quantity": "1", "total": "300"}}, {"model": "main.entryitem", "pk": 261, "fields": {"entry": 199, "item": 1, "quantity": "3", "total": "800"}}, {"model": "main.entryitem", "pk": 262, "fields": {"entry": 200, "item": 1, "quantity": "1", "total": "300"}}, {"model": "main.entryitem", "pk": 263, "fields": {"entry": 201, "item": 3, "quantity": "1", "total": "0"}}, {"model": "main.entryitem", "pk": 264, "fields": {"entry": 201, "item": 4, "quantity": "1", "total": "0"}}, {"model": "main.entryitem", "pk": 265, "fields": {"entry": 201, "item": 6, "quantity": "70", "total": "600"}}, {"model": "main.entryitem", "pk": 266, "fields": {"entry": 202, "item": 5, "quantity": "1008", "total": "0"}}, {"model": "main.entryitem", "pk": 267, "fields": {"entry": 202, "item": 7, "quantity": "1", "total": "400"}}, {"model": "main.entryitem", "pk": 268, "fields": {"entry": 203, "item": 2, "quantity": "1", "total": "0"}}, {"model": "main.entryitem", "pk": 269, "fields": {"entry": 203, "item": 3, "quantity": "1", "total": "600"}}, {"model": "main.entryitem", "pk": 270, "fields": {"entry": 204, "item": 2, "quantity": "2", "total": "0"}}, {"model": "main.entryitem", "pk": 271, "fields": {"entry": 204, "item": 1, "quantity": "2", "total": "800"}}, {"model": "main.entryitem", "pk": 272, "fields": {"entry": 205, "item": 3, "quantity": "1", "total": "450"}}, {"model": "main.entryitem", "pk": 273, "fields": {"entry": 206, "item": 1, "quantity": "2", "total": "600"}}, {"model": "main.entryitem", "pk": 274, "fields": {"entry": 207, "item": 1, "quantity": "1", "total": "400"}}, {"model": "main.entryitem", "pk": 275, "fields": {"entry": 208, "item": 1, "quantity": "4", "total": "500"}}, {"model": "main.entryitem", "pk": 276, "fields": {"entry": 209, "item": 1, "quantity": "1", "total": "300"}}, {"model": "main.entryitem", "pk": 277, "fields": {"entry": 210, "item": 1, "quantity": "3", "total": "900"}}, {"model": "main.entryitem", "pk": 278, "fields": {"entry": 211, "item": 3, "quantity": "2", "total": "900"}}, {"model": "main.entryitem", "pk": 279, "fields": {"entry": 212, "item": 3, "quantity": "1", "total": "350"}}, {"model": "main.entryitem", "pk": 280, "fields": {"entry": 213, "item": 3, "quantity": "3", "total": "900"}}, {"model": "main.entryitem", "pk": 281, "fields": {"entry": 214, "item": 3, "quantity": "2", "total": "700"}}, {"model": "main.entryitem", "pk": 282, "fields": {"entry": 215, "item": 3, "quantity": "1", "total": "400"}}, {"model": "main.entryitem", "pk": 283, "fields": {"entry": 216, "item": 3, "quantity": "1", "total": "400"}}, {"model": "main.entryitem", "pk": 284, "fields": {"entry": 217, "item": 1, "quantity": "1", "total": "300"}}, {"model": "main.entryitem", "pk": 285, "fields": {"entry": 218, "item": 5, "quantity": "709", "total": "0"}}, {"model": "main.entryitem", "pk": 286, "fields": {"entry": 218, "item": 1, "quantity": "1", "total": "700"}}, {"model": "main.entryitem", "pk": 287, "fields": {"entry": 219, "item": 1, "quantity": "2", "total": "600"}}, {"model": "main.entryitem", "pk": 288, "fields": {"entry": 220, "item": 3, "quantity": "1", "total": "400"}}, {"model": "main.entryitem", "pk": 289, "fields": {"entry": 221, "item": 3, "quantity": "1", "total": "400"}}, {"model": "main.entryitem", "pk": 290, "fields": {"entry": 222, "item": 1, "quantity": "3", "total": "1000"}}, {"model": "main.entryitem", "pk": 291, "fields": {"entry": 223, "item": 3, "quantity": "2", "total": "700"}}, {"model": "main.entryitem", "pk": 292, "fields": {"entry": 224, "item": 3, "quantity": "1", "total": "400"}}, {"model": "main.entryitem", "pk": 293, "fields": {"entry": 225, "item": 3, "quantity": "1", "total": "400"}}, {"model": "main.entryitem", "pk": 294, "fields": {"entry": 226, "item": 1, "quantity": "1", "total": "400"}}, {"model": "main.entryitem", "pk": 295, "fields": {"entry": 227, "item": 1, "quantity": "2", "total": "700"}}, {"model": "main.entryitem", "pk": 296, "fields": {"entry": 228, "item": 1, "quantity": "1", "total": "400"}}, {"model": "main.entryitem", "pk": 297, "fields": {"entry": 229, "item": 1, "quantity": "2", "total": "600"}}, {"model": "main.entryitem", "pk": 298, "fields": {"entry": 230, "item": 6, "quantity": "290", "total": "500"}}, {"model": "main.entryitem", "pk": 299, "fields": {"entry": 231, "item": 3, "quantity": "2", "total": "800"}}, {"model": "main.entryitem", "pk": 300, "fields": {"entry": 232, "item": 3, "quantity": "2", "total": "800"}}, {"model": "main.entryitem", "pk": 301, "fields": {"entry": 233, "item": 1, "quantity": "5", "total": "800"}}, {"model": "main.entryitem", "pk": 302, "fields": {"entry": 234, "item": 1, "quantity": "2", "total": "600"}}, {"model": "main.entryitem", "pk": 303, "fields": {"entry": 235, "item": 1, "quantity": "1", "total": "350"}}, {"model": "main.entryitem", "pk": 304, "fields": {"entry": 236, "item": 6, "quantity": "25", "total": "800"}}, {"model": "main.entryitem", "pk": 305, "fields": {"entry": 237, "item": 3, "quantity": "1", "total": "400"}}, {"model": "main.entryitem", "pk": 306, "fields": {"entry": 238, "item": 3, "quantity": "1", "total": "400"}}, {"model": "main.entryitem", "pk": 307, "fields": {"entry": 239, "item": 1, "quantity": "2", "total": "0"}}, {"model": "main.entryitem", "pk": 308, "fields": {"entry": 239, "item": 3, "quantity": "1", "total": "1000"}}, {"model": "main.entryitem", "pk": 309, "fields": {"entry": 240, "item": 1, "quantity": "1", "total": "0"}}, {"model": "main.entryitem", "pk": 310, "fields": {"entry": 240, "item": 3, "quantity": "1", "total": "750"}}, {"model": "main.entryitem", "pk": 311, "fields": {"entry": 241, "item": 1, "quantity": "1", "total": "350"}}, {"model": "main.entryitem", "pk": 312, "fields": {"entry": 242, "item": 1, "quantity": "1", "total": "350"}}, {"model": "main.entryitem", "pk": 313, "fields": {"entry": 243, "item": 3, "quantity": "1", "total": "400"}}, {"model": "main.entryitem", "pk": 314, "fields": {"entry": 244, "item": 3, "quantity": "1", "total": "400"}}, {"model": "main.entryitem", "pk": 315, "fields": {"entry": 245, "item": 3, "quantity": "1", "total": "400"}}, {"model": "main.entryitem", "pk": 316, "fields": {"entry": 246, "item": 3, "quantity": "4", "total": "1500"}}, {"model": "main.entryitem", "pk": 317, "fields": {"entry": 247, "item": 3, "quantity": "3", "total": "1200"}}, {"model": "main.entryitem", "pk": 318, "fields": {"entry": 248, "item": 1, "quantity": "2", "total": "250"}}, {"model": "main.entryitem", "pk": 320, "fields": {"entry": 250, "item": 1, "quantity": "2", "total": "0"}}, {"model": "main.entryitem", "pk": 321, "fields": {"entry": 250, "item": 2, "quantity": "4", "total": "900"}}, {"model": "main.entryitem", "pk": 322, "fields": {"entry": 251, "item": 1, "quantity": "2", "total": "600"}}, {"model": "main.entryitem", "pk": 323, "fields": {"entry": 252, "item": 1, "quantity": "2", "total": "550"}}, {"model": "main.entryitem", "pk": 325, "fields": {"entry": 254, "item": 3, "quantity": "1", "total": "0"}}, {"model": "main.entryitem", "pk": 326, "fields": {"entry": 254, "item": 7, "quantity": "1", "total": "400"}}, {"model": "main.entryitem", "pk": 329, "fields": {"entry": 256, "item": 5, "quantity": "1475", "total": "600"}}, {"model": "main.entryitem", "pk": 330, "fields": {"entry": 257, "item": 5, "quantity": "343", "total": "150"}}, {"model": "main.entryitem", "pk": 331, "fields": {"entry": 258, "item": 3, "quantity": "2", "total": "0"}}, {"model": "main.entryitem", "pk": 332, "fields": {"entry": 258, "item": 6, "quantity": "340", "total": "1100"}}, {"model": "main.entryitem", "pk": 333, "fields": {"entry": 259, "item": 5, "quantity": "944", "total": "500"}}, {"model": "main.entryitem", "pk": 334, "fields": {"entry": 260, "item": 1, "quantity": "1", "total": "300"}}, {"model": "main.entryitem", "pk": 335, "fields": {"entry": 261, "item": 1, "quantity": "1", "total": "300"}}, {"model": "main.entryitem", "pk": 336, "fields": {"entry": 262, "item": 3, "quantity": "2", "total": "800"}}, {"model": "main.entryitem", "pk": 337, "fields": {"entry": 263, "item": 3, "quantity": "2", "total": "750"}}, {"model": "main.entryitem", "pk": 338, "fields": {"entry": 264, "item": 1, "quantity": "2", "total": "600"}}, {"model": "main.entryitem", "pk": 339, "fields": {"entry": 265, "item": 1, "quantity": "1", "total": "300"}}, {"model": "main.entryitem", "pk": 340, "fields": {"entry": 266, "item": 5, "quantity": "1782", "total": "700"}}, {"model": "main.entryitem", "pk": 341, "fields": {"entry": 267, "item": 3, "quantity": "1", "total": "400"}}, {"model": "main.entryitem", "pk": 342, "fields": {"entry": 268, "item": 3, "quantity": "1", "total": "0"}}, {"model": "main.entryitem", "pk": 343, "fields": {"entry": 268, "item": 4, "quantity": "2", "total": "0"}}, {"model": "main.entryitem", "pk": 344, "fields": {"entry": 268, "item": 7, "quantity": "1", "total": "850"}}, {"model": "main.entryitem", "pk": 345, "fields": {"entry": 269, "item": 4, "quantity": "1", "total": "250"}}, {"model": "main.entryitem", "pk": 346, "fields": {"entry": 270, "item": 3, "quantity": "1", "total": "450"}}, {"model": "main.entryitem", "pk": 347, "fields": {"entry": 271, "item": 3, "quantity": "1", "total": "400"}}, {"model": "main.entryitem", "pk": 348, "fields": {"entry": 272, "item": 3, "quantity": "2", "total": "400"}}, {"model": "main.entryitem", "pk": 349, "fields": {"entry": 273, "item": 1, "quantity": "3", "total": "200"}}, {"model": "main.entryitem", "pk": 350, "fields": {"entry": 274, "item": 1, "quantity": "3", "total": "800"}}, {"model": "main.entryitem", "pk": 351, "fields": {"entry": 275, "item": 1, "quantity": "2", "total": "0"}}, {"model": "main.entryitem", "pk": 352, "fields": {"entry": 275, "item": 3, "quantity": "2", "total": "0"}}, {"model": "main.entryitem", "pk": 353, "fields": {"entry": 275, "item": 6, "quantity": "25", "total": "1200"}}, {"model": "main.entryitem", "pk": 354, "fields": {"entry": 276, "item": 1, "quantity": "1", "total": "350"}}, {"model": "main.entryitem", "pk": 355, "fields": {"entry": 277, "item": 7, "quantity": "3", "total": "300"}}, {"model": "main.entryitem", "pk": 356, "fields": {"entry": 278, "item": 3, "quantity": "4", "total": "1200"}}, {"model": "main.entryitem", "pk": 357, "fields": {"entry": 279, "item": 3, "quantity": "1", "total": "0"}}, {"model": "main.entryitem", "pk": 358, "fields": {"entry": 279, "item": 6, "quantity": "60", "total": "300"}}, {"model": "main.entryitem", "pk": 359, "fields": {"entry": 280, "item": 5, "quantity": "2171", "total": "1300"}}, {"model": "main.entryitem", "pk": 360, "fields": {"entry": 281, "item": 1, "quantity": "2", "total": "300"}}, {"model": "main.entryitem", "pk": 361, "fields": {"entry": 282, "item": 5, "quantity": "1310", "total": "0"}}, {"model": "main.entryitem", "pk": 362, "fields": {"entry": 282, "item": 1, "quantity": "2", "total": "950"}}, {"model": "main.entryitem", "pk": 363, "fields": {"entry": 283, "item": 1, "quantity": "1", "total": "350"}}, {"model": "main.entryitem", "pk": 364, "fields": {"entry": 284, "item": 1, "quantity": "2", "total": "600"}}, {"model": "main.entryitem", "pk": 365, "fields": {"entry": 285, "item": 3, "quantity": "1", "total": "400"}}, {"model": "main.entryitem", "pk": 366, "fields": {"entry": 286, "item": 3, "quantity": "1", "total": "0"}}, {"model": "main.entryitem", "pk": 367, "fields": {"entry": 286, "item": 7, "quantity": "5", "total": "250"}}, {"model": "main.entryitem", "pk": 368, "fields": {"entry": 287, "item": 7, "quantity": "6", "total": "350"}}, {"model": "main.entryitem", "pk": 369, "fields": {"entry": 288, "item": 1, "quantity": "3", "total": "300"}}, {"model": "main.entryitem", "pk": 370, "fields": {"entry": 289, "item": 1, "quantity": "2", "total": "700"}}, {"model": "main.entryitem", "pk": 371, "fields": {"entry": 290, "item": 3, "quantity": "1", "total": "0"}}, {"model": "main.entryitem", "pk": 372, "fields": {"entry": 290, "item": 1, "quantity": "1", "total": "750"}}, {"model": "main.entryitem", "pk": 373, "fields": {"entry": 291, "item": 3, "quantity": "1", "total": "0"}}, {"model": "main.entryitem", "pk": 374, "fields": {"entry": 291, "item": 4, "quantity": "1", "total": "700"}}, {"model": "main.entryitem", "pk": 375, "fields": {"entry": 292, "item": 3, "quantity": "1", "total": "0"}}, {"model": "main.entryitem", "pk": 376, "fields": {"entry": 292, "item": 6, "quantity": "440", "total": "900"}}, {"model": "main.entryitem", "pk": 377, "fields": {"entry": 293, "item": 6, "quantity": "162", "total": "324"}}, {"model": "main.entryitem", "pk": 378, "fields": {"entry": 294, "item": 6, "quantity": "240", "total": "480"}}, {"model": "main.entryitem", "pk": 379, "fields": {"entry": 295, "item": 6, "quantity": "240", "total": "480"}}, {"model": "main.entryitem", "pk": 380, "fields": {"entry": 296, "item": 6, "quantity": "240", "total": "480"}}, {"model": "main.entryitem", "pk": 381, "fields": {"entry": 297, "item": 7, "quantity": "1", "total": "100"}}, {"model": "main.entryitem", "pk": 382, "fields": {"entry": 298, "item": 4, "quantity": "2", "total": "400"}}, {"model": "main.entryitem", "pk": 383, "fields": {"entry": 299, "item": 1, "quantity": "1", "total": "350"}}, {"model": "main.entryitem", "pk": 384, "fields": {"entry": 300, "item": 1, "quantity": "2", "total": "600"}}, {"model": "main.entryitem", "pk": 385, "fields": {"entry": 301, "item": 5, "quantity": "1908", "total": "0"}}, {"model": "main.entryitem", "pk": 386, "fields": {"entry": 301, "item": 3, "quantity": "1", "total": "0"}}, {"model": "main.entryitem", "pk": 387, "fields": {"entry": 301, "item": 7, "quantity": "2", "total": "1000"}}, {"model": "main.entryitem", "pk": 388, "fields": {"entry": 302, "item": 3, "quantity": "1", "total": "400"}}, {"model": "main.entryitem", "pk": 389, "fields": {"entry": 303, "item": 3, "quantity": "1", "total": "400"}}, {"model": "main.entryitem", "pk": 390, "fields": {"entry": 304, "item": 3, "quantity": "3", "total": "1000"}}, {"model": "main.entryitem", "pk": 391, "fields": {"entry": 305, "item": 1, "quantity": "2", "total": "600"}}, {"model": "main.entryitem", "pk": 392, "fields": {"entry": 306, "item": 1, "quantity": "2", "total": "600"}}, {"model": "main.entryitem", "pk": 393, "fields": {"entry": 307, "item": 3, "quantity": "1", "total": "0"}}, {"model": "main.entryitem", "pk": 394, "fields": {"entry": 307, "item": 4, "quantity": "2", "total": "800"}}, {"model": "main.entryitem", "pk": 395, "fields": {"entry": 308, "item": 3, "quantity": "2", "total": "900"}}, {"model": "main.entryitem", "pk": 396, "fields": {"entry": 309, "item": 1, "quantity": "1", "total": "300"}}, {"model": "main.entryitem", "pk": 397, "fields": {"entry": 310, "item": 6, "quantity": "261", "total": "800"}}, {"model": "main.entryitem", "pk": 398, "fields": {"entry": 311, "item": 3, "quantity": "1", "total": "400"}}, {"model": "main.entryitem", "pk": 399, "fields": {"entry": 312, "item": 3, "quantity": "3", "total": "1000"}}, {"model": "main.entryitem", "pk": 400, "fields": {"entry": 313, "item": 1, "quantity": "2", "total": "300"}}, {"model": "main.entryitem", "pk": 401, "fields": {"entry": 314, "item": 1, "quantity": "3", "total": "1000"}}, {"model": "main.entryitem", "pk": 402, "fields": {"entry": 315, "item": 1, "quantity": "1", "total": "350"}}, {"model": "main.entryitem", "pk": 403, "fields": {"entry": 316, "item": 1, "quantity": "2", "total": "700"}}, {"model": "main.entryitem", "pk": 404, "fields": {"entry": 317, "item": 6, "quantity": "375", "total": "750"}}, {"model": "main.entryitem", "pk": 405, "fields": {"entry": 318, "item": 6, "quantity": "515", "total": "800"}}, {"model": "main.entryitem", "pk": 406, "fields": {"entry": 319, "item": 1, "quantity": "2", "total": "0"}}, {"model": "main.entryitem", "pk": 407, "fields": {"entry": 319, "item": 1, "quantity": "1", "total": "1000"}}, {"model": "main.entryitem", "pk": 408, "fields": {"entry": 320, "item": 1, "quantity": "2", "total": "0"}}, {"model": "main.entryitem", "pk": 409, "fields": {"entry": 320, "item": 3, "quantity": "2", "total": "1200"}}, {"model": "main.entryitem", "pk": 410, "fields": {"entry": 321, "item": 3, "quantity": "1", "total": "400"}}, {"model": "main.entryitem", "pk": 411, "fields": {"entry": 322, "item": 1, "quantity": "1", "total": "350"}}, {"model": "main.entryitem", "pk": 412, "fields": {"entry": 323, "item": 1, "quantity": "6", "total": "1000"}}, {"model": "main.entryitem", "pk": 413, "fields": {"entry": 324, "item": 1, "quantity": "2", "total": "600"}}, {"model": "main.entryitem", "pk": 414, "fields": {"entry": 325, "item": 3, "quantity": "1", "total": "500"}}, {"model": "main.entryitem", "pk": 415, "fields": {"entry": 326, "item": 3, "quantity": "2", "total": "800"}}, {"model": "main.entryitem", "pk": 416, "fields": {"entry": 327, "item": 3, "quantity": "1", "total": "400"}}, {"model": "main.entryitem", "pk": 417, "fields": {"entry": 328, "item": 1, "quantity": "1", "total": "0"}}, {"model": "main.entryitem", "pk": 418, "fields": {"entry": 328, "item": 6, "quantity": "105", "total": "550"}}, {"model": "main.entryitem", "pk": 419, "fields": {"entry": 329, "item": 1, "quantity": "2", "total": "0"}}, {"model": "main.entryitem", "pk": 420, "fields": {"entry": 329, "item": 2, "quantity": "2", "total": "800"}}, {"model": "main.entryitem", "pk": 421, "fields": {"entry": 330, "item": 5, "quantity": "1702", "total": "680"}}, {"model": "main.entryitem", "pk": 422, "fields": {"entry": 331, "item": 2, "quantity": "1", "total": "200"}}, {"model": "main.entryitem", "pk": 423, "fields": {"entry": 332, "item": 3, "quantity": "2", "total": "900"}}, {"model": "main.entryitem", "pk": 424, "fields": {"entry": 333, "item": 6, "quantity": "115", "total": "230"}}, {"model": "main.entryitem", "pk": 425, "fields": {"entry": 334, "item": 6, "quantity": "270", "total": "540"}}, {"model": "main.entryitem", "pk": 426, "fields": {"entry": 335, "item": 3, "quantity": "2", "total": "600"}}, {"model": "main.entryitem", "pk": 427, "fields": {"entry": 336, "item": 1, "quantity": "2", "total": "600"}}, {"model": "main.entryitem", "pk": 428, "fields": {"entry": 337, "item": 3, "quantity": "4", "total": "1200"}}, {"model": "main.entryitem", "pk": 429, "fields": {"entry": 338, "item": 3, "quantity": "2", "total": "0"}}, {"model": "main.entryitem", "pk": 430, "fields": {"entry": 338, "item": 1, "quantity": "2", "total": "1200"}}, {"model": "main.entryitem", "pk": 431, "fields": {"entry": 339, "item": 3, "quantity": "4", "total": "1200"}}, {"model": "main.entryitem", "pk": 432, "fields": {"entry": 340, "item": 1, "quantity": "2", "total": "600"}}, {"model": "main.entryitem", "pk": 433, "fields": {"entry": 341, "item": 1, "quantity": "1", "total": "300"}}, {"model": "main.entryitem", "pk": 434, "fields": {"entry": 342, "item": 3, "quantity": "2", "total": "0"}}, {"model": "main.entryitem", "pk": 435, "fields": {"entry": 342, "item": 6, "quantity": "147", "total": "1100"}}, {"model": "main.entryitem", "pk": 436, "fields": {"entry": 343, "item": 6, "quantity": "107", "total": "350"}}, {"model": "main.entryitem", "pk": 437, "fields": {"entry": 344, "item": 1, "quantity": "2", "total": "600"}}, {"model": "main.entryitem", "pk": 438, "fields": {"entry": 345, "item": 1, "quantity": "2", "total": "600"}}, {"model": "main.entryitem", "pk": 439, "fields": {"entry": 346, "item": 3, "quantity": "1", "total": "400"}}, {"model": "main.entryitem", "pk": 440, "fields": {"entry": 347, "item": 3, "quantity": "1", "total": "400"}}, {"model": "main.entryitem", "pk": 441, "fields": {"entry": 348, "item": 1, "quantity": "3", "total": "800"}}, {"model": "main.entryitem", "pk": 442, "fields": {"entry": 349, "item": 1, "quantity": "1", "total": "0"}}, {"model": "main.entryitem", "pk": 443, "fields": {"entry": 349, "item": 3, "quantity": "1", "total": "700"}}, {"model": "main.entryitem", "pk": 444, "fields": {"entry": 350, "item": 1, "quantity": "1", "total": "300"}}, {"model": "main.entryitem", "pk": 445, "fields": {"entry": 351, "item": 1, "quantity": "1", "total": "300"}}, {"model": "main.entryitem", "pk": 446, "fields": {"entry": 352, "item": 3, "quantity": "2", "total": "800"}}, {"model": "main.entryitem", "pk": 447, "fields": {"entry": 353, "item": 3, "quantity": "2", "total": "800"}}, {"model": "main.entryitem", "pk": 448, "fields": {"entry": 354, "item": 3, "quantity": "1", "total": "0"}}, {"model": "main.entryitem", "pk": 449, "fields": {"entry": 354, "item": 7, "quantity": "5", "total": "200"}}, {"model": "main.entryitem", "pk": 450, "fields": {"entry": 355, "item": 1, "quantity": "3", "total": "0"}}, {"model": "main.entryitem", "pk": 451, "fields": {"entry": 355, "item": 3, "quantity": "1", "total": "1100"}}, {"model": "main.entryitem", "pk": 452, "fields": {"entry": 356, "item": 3, "quantity": "3", "total": "0"}}, {"model": "main.entryitem", "pk": 453, "fields": {"entry": 356, "item": 6, "quantity": "330", "total": "1200"}}, {"model": "main.entryitem", "pk": 454, "fields": {"entry": 357, "item": 1, "quantity": "2", "total": "600"}}, {"model": "main.entryitem", "pk": 455, "fields": {"entry": 358, "item": 3, "quantity": "1", "total": "400"}}, {"model": "main.entryitem", "pk": 456, "fields": {"entry": 359, "item": 3, "quantity": "1", "total": "450"}}, {"model": "main.entryitem", "pk": 457, "fields": {"entry": 360, "item": 7, "quantity": "2", "total": "150"}}, {"model": "main.entryitem", "pk": 458, "fields": {"entry": 361, "item": 3, "quantity": "1", "total": "450"}}, {"model": "main.entryitem", "pk": 459, "fields": {"entry": 362, "item": 3, "quantity": "1", "total": "400"}}, {"model": "main.entryitem", "pk": 460, "fields": {"entry": 363, "item": 3, "quantity": "1", "total": "250"}}, {"model": "main.entryitem", "pk": 461, "fields": {"entry": 364, "item": 1, "quantity": "2", "total": "600"}}, {"model": "main.entryitem", "pk": 462, "fields": {"entry": 365, "item": 3, "quantity": "1", "total": "400"}}, {"model": "main.entryitem", "pk": 463, "fields": {"entry": 366, "item": 3, "quantity": "1", "total": "400"}}, {"model": "main.entryitem", "pk": 464, "fields": {"entry": 367, "item": 3, "quantity": "2", "total": "800"}}, {"model": "main.entryitem", "pk": 465, "fields": {"entry": 368, "item": 3, "quantity": "2", "total": "800"}}, {"model": "main.entryitem", "pk": 466, "fields": {"entry": 369, "item": 3, "quantity": "1", "total": "400"}}, {"model": "main.entryitem", "pk": 467, "fields": {"entry": 370, "item": 3, "quantity": "1", "total": "400"}}, {"model": "main.entryitem", "pk": 470, "fields": {"entry": 373, "item": 1, "quantity": "1", "total": "300"}}, {"model": "main.entryitem", "pk": 471, "fields": {"entry": 374, "item": 3, "quantity": "2", "total": "1100"}}, {"model": "main.entryitem", "pk": 472, "fields": {"entry": 375, "item": 1, "quantity": "1", "total": "350"}}, {"model": "main.entryitem", "pk": 473, "fields": {"entry": 376, "item": 3, "quantity": "2", "total": "0"}}, {"model": "main.entryitem", "pk": 474, "fields": {"entry": 376, "item": 3, "quantity": "1", "total": "0"}}, {"model": "main.entryitem", "pk": 475, "fields": {"entry": 376, "item": 6, "quantity": "271", "total": "1300"}}, {"model": "main.entryitem", "pk": 476, "fields": {"entry": 377, "item": 6, "quantity": "156", "total": "300"}}, {"model": "main.entryitem", "pk": 477, "fields": {"entry": 378, "item": 3, "quantity": "1", "total": "300"}}, {"model": "main.entryitem", "pk": 478, "fields": {"entry": 378, "item": 7, "quantity": "7", "total": "0"}}, {"model": "main.entryitem", "pk": 479, "fields": {"entry": 379, "item": 1, "quantity": "4", "total": "350"}}, {"model": "main.entryitem", "pk": 480, "fields": {"entry": 380, "item": 1, "quantity": "1", "total": "200"}}, {"model": "main.entryitem", "pk": 481, "fields": {"entry": 381, "item": 1, "quantity": "2", "total": "600"}}, {"model": "main.entryitem", "pk": 482, "fields": {"entry": 382, "item": 3, "quantity": "1", "total": "400"}}, {"model": "main.entryitem", "pk": 483, "fields": {"entry": 383, "item": 3, "quantity": "1", "total": "0"}}, {"model": "main.entryitem", "pk": 484, "fields": {"entry": 383, "item": 4, "quantity": "2", "total": "800"}}, {"model": "main.entryitem", "pk": 485, "fields": {"entry": 384, "item": 3, "quantity": "1", "total": "450"}}, {"model": "main.entryitem", "pk": 486, "fields": {"entry": 385, "item": 3, "quantity": "1", "total": "450"}}, {"model": "main.entryitem", "pk": 487, "fields": {"entry": 386, "item": 4, "quantity": "2", "total": "300"}}, {"model": "main.entryitem", "pk": 488, "fields": {"entry": 387, "item": 3, "quantity": "1", "total": "300"}}, {"model": "main.entryitem", "pk": 489, "fields": {"entry": 387, "item": 6, "quantity": "309", "total": "0"}}, {"model": "main.entryitem", "pk": 490, "fields": {"entry": 387, "item": 1, "quantity": "2", "total": "0"}}, {"model": "main.entryitem", "pk": 491, "fields": {"entry": 388, "item": 1, "quantity": "3", "total": "300"}}, {"model": "main.entryitem", "pk": 492, "fields": {"entry": 389, "item": 3, "quantity": "2", "total": "950"}}, {"model": "main.entryitem", "pk": 493, "fields": {"entry": 389, "item": 1, "quantity": "1", "total": "0"}}, {"model": "main.entryitem", "pk": 494, "fields": {"entry": 390, "item": 3, "quantity": "1", "total": "450"}}, {"model": "main.entryitem", "pk": 495, "fields": {"entry": 391, "item": 3, "quantity": "1", "total": "450"}}, {"model": "main.entryitem", "pk": 496, "fields": {"entry": 392, "item": 3, "quantity": "1", "total": "300"}}, {"model": "main.entryitem", "pk": 497, "fields": {"entry": 393, "item": 1, "quantity": "1", "total": "200"}}, {"model": "main.entryitem", "pk": 498, "fields": {"entry": 394, "item": 1, "quantity": "3", "total": "0"}}, {"model": "main.entryitem", "pk": 499, "fields": {"entry": 394, "item": 3, "quantity": "2", "total": "400"}}, {"model": "main.entryitem", "pk": 500, "fields": {"entry": 395, "item": 3, "quantity": "1", "total": "0"}}, {"model": "main.entryitem", "pk": 501, "fields": {"entry": 395, "item": 7, "quantity": "5", "total": "250"}}, {"model": "main.entryitem", "pk": 502, "fields": {"entry": 396, "item": 1, "quantity": "2", "total": "250"}}, {"model": "main.entryitem", "pk": 503, "fields": {"entry": 397, "item": 1, "quantity": "1", "total": "0"}}, {"model": "main.entryitem", "pk": 504, "fields": {"entry": 397, "item": 2, "quantity": "1", "total": "300"}}, {"model": "main.entryitem", "pk": 505, "fields": {"entry": 398, "item": 2, "quantity": "1", "total": "0"}}, {"model": "main.entryitem", "pk": 506, "fields": {"entry": 398, "item": 1, "quantity": "2", "total": "600"}}, {"model": "main.entryitem", "pk": 507, "fields": {"entry": 399, "item": 3, "quantity": "1", "total": "450"}}, {"model": "main.entryitem", "pk": 508, "fields": {"entry": 400, "item": 3, "quantity": "1", "total": "400"}}, {"model": "main.entryitem", "pk": 510, "fields": {"entry": 401, "item": 3, "quantity": "1", "total": "950"}}, {"model": "main.entryitem", "pk": 511, "fields": {"entry": 401, "item": 6, "quantity": "232", "total": "0"}}, {"model": "main.entryitem", "pk": 512, "fields": {"entry": 402, "item": 1, "quantity": "1", "total": "300"}}, {"model": "main.entryitem", "pk": 513, "fields": {"entry": 403, "item": 1, "quantity": "2", "total": "600"}}, {"model": "main.entryitem", "pk": 514, "fields": {"entry": 404, "item": 1, "quantity": "1", "total": "300"}}, {"model": "main.entryitem", "pk": 515, "fields": {"entry": 405, "item": 1, "quantity": "1", "total": "350"}}, {"model": "main.entryitem", "pk": 516, "fields": {"entry": 406, "item": 1, "quantity": "2", "total": "600"}}, {"model": "main.entryitem", "pk": 517, "fields": {"entry": 407, "item": 3, "quantity": "1", "total": "300"}}, {"model": "main.entryitem", "pk": 518, "fields": {"entry": 408, "item": 6, "quantity": "276", "total": "250"}}, {"model": "main.entryitem", "pk": 519, "fields": {"entry": 409, "item": 1, "quantity": "1", "total": "300"}}, {"model": "main.entryitem", "pk": 520, "fields": {"entry": 410, "item": 1, "quantity": "1", "total": "350"}}, {"model": "main.entryitem", "pk": 521, "fields": {"entry": 411, "item": 1, "quantity": "2", "total": "400"}}, {"model": "main.entryitem", "pk": 523, "fields": {"entry": 413, "item": 3, "quantity": "1", "total": "0"}}, {"model": "main.entryitem", "pk": 524, "fields": {"entry": 413, "item": 6, "quantity": "184", "total": "700"}}, {"model": "main.entryitem", "pk": 525, "fields": {"entry": 414, "item": 3, "quantity": "2", "total": "800"}}, {"model": "main.entryitem", "pk": 526, "fields": {"entry": 415, "item": 1, "quantity": "1", "total": "300"}}, {"model": "main.entryitem", "pk": 527, "fields": {"entry": 416, "item": 3, "quantity": "3", "total": "1400"}}, {"model": "main.entryitem", "pk": 528, "fields": {"entry": 417, "item": 3, "quantity": "2", "total": "0"}}, {"model": "main.entryitem", "pk": 529, "fields": {"entry": 417, "item": 6, "quantity": "100", "total": "0"}}, {"model": "main.entryitem", "pk": 530, "fields": {"entry": 417, "item": 4, "quantity": "1", "total": "1400"}}, {"model": "main.entryitem", "pk": 531, "fields": {"entry": 418, "item": 5, "quantity": "1479.30", "total": "500"}}, {"model": "main.entryitem", "pk": 532, "fields": {"entry": 419, "item": 5, "quantity": "627.4", "total": "250"}}, {"model": "main.entryitem", "pk": 533, "fields": {"entry": 420, "item": 5, "quantity": "1695.6", "total": "700"}}, {"model": "main.entryitem", "pk": 534, "fields": {"entry": 421, "item": 6, "quantity": "120", "total": "250"}}, {"model": "main.entryitem", "pk": 535, "fields": {"entry": 422, "item": 6, "quantity": "113", "total": "200"}}, {"model": "main.entryitem", "pk": 536, "fields": {"entry": 423, "item": 6, "quantity": "10", "total": "0"}}, {"model": "main.entryitem", "pk": 537, "fields": {"entry": 424, "item": 6, "quantity": "705", "total": "1000"}}, {"model": "main.entryitem", "pk": 538, "fields": {"entry": 425, "item": 3, "quantity": "1", "total": "500"}}, {"model": "main.entryitem", "pk": 539, "fields": {"entry": 426, "item": 3, "quantity": "3", "total": "1100"}}, {"model": "main.entryitem", "pk": 540, "fields": {"entry": 427, "item": 3, "quantity": "2", "total": "300"}}, {"model": "main.entryitem", "pk": 541, "fields": {"entry": 428, "item": 1, "quantity": "1", "total": "300"}}, {"model": "main.entryitem", "pk": 542, "fields": {"entry": 429, "item": 5, "quantity": "500", "total": "0"}}, {"model": "main.entryitem", "pk": 543, "fields": {"entry": 429, "item": 5, "quantity": "2", "total": "700"}}, {"model": "main.entryitem", "pk": 544, "fields": {"entry": 429, "item": 7, "quantity": "5", "total": "0"}}, {"model": "main.entryitem", "pk": 545, "fields": {"entry": 430, "item": 3, "quantity": "1", "total": "250"}}, {"model": "main.entryitem", "pk": 546, "fields": {"entry": 430, "item": 7, "quantity": "11", "total": "0"}}, {"model": "main.entryitem", "pk": 547, "fields": {"entry": 431, "item": 4, "quantity": "1", "total": "200"}}, {"model": "main.entryitem", "pk": 548, "fields": {"entry": 432, "item": 7, "quantity": "3", "total": "350"}}, {"model": "main.entryitem", "pk": 549, "fields": {"entry": 433, "item": 5, "quantity": "603", "total": "240"}}, {"model": "main.entryitem", "pk": 550, "fields": {"entry": 434, "item": 3, "quantity": "2", "total": "0"}}, {"model": "main.entryitem", "pk": 551, "fields": {"entry": 434, "item": 6, "quantity": "418", "total": "400"}}, {"model": "main.entryitem", "pk": 552, "fields": {"entry": 435, "item": 3, "quantity": "1", "total": "300"}}, {"model": "main.entryitem", "pk": 553, "fields": {"entry": 436, "item": 1, "quantity": "2", "total": "350"}}, {"model": "main.entryitem", "pk": 554, "fields": {"entry": 437, "item": 1, "quantity": "1", "total": "250"}}, {"model": "main.entryitem", "pk": 555, "fields": {"entry": 438, "item": 3, "quantity": "1", "total": "0"}}, {"model": "main.entryitem", "pk": 556, "fields": {"entry": 438, "item": 7, "quantity": "6", "total": "300"}}, {"model": "main.entryitem", "pk": 557, "fields": {"entry": 439, "item": 3, "quantity": "1", "total": "250"}}, {"model": "main.entryitem", "pk": 558, "fields": {"entry": 440, "item": 5, "quantity": "1580", "total": "0"}}, {"model": "main.entryitem", "pk": 559, "fields": {"entry": 440, "item": 7, "quantity": "2", "total": "400"}}, {"model": "main.entryitem", "pk": 560, "fields": {"entry": 441, "item": 1, "quantity": "2", "total": "0"}}, {"model": "main.entryitem", "pk": 561, "fields": {"entry": 441, "item": 7, "quantity": "3", "total": "500"}}, {"model": "main.entryitem", "pk": 562, "fields": {"entry": 442, "item": 1, "quantity": "1", "total": "600"}}, {"model": "main.entryitem", "pk": 563, "fields": {"entry": 443, "item": 5, "quantity": "1200", "total": "250"}}, {"model": "main.entryitem", "pk": 564, "fields": {"entry": 444, "item": 7, "quantity": "16", "total": "400"}}, {"model": "main.entryitem", "pk": 565, "fields": {"entry": 445, "item": 1, "quantity": "2", "total": "0"}}, {"model": "main.entryitem", "pk": 566, "fields": {"entry": 445, "item": 3, "quantity": "1", "total": "0"}}, {"model": "main.entryitem", "pk": 567, "fields": {"entry": 445, "item": 7, "quantity": "5", "total": "350"}}, {"model": "main.entryitem", "pk": 568, "fields": {"entry": 446, "item": 5, "quantity": "2200", "total": "0"}}, {"model": "main.entryitem", "pk": 569, "fields": {"entry": 446, "item": 7, "quantity": "2", "total": "400"}}, {"model": "main.entryitem", "pk": 570, "fields": {"entry": 447, "item": 7, "quantity": "4", "total": "500"}}, {"model": "main.entryitem", "pk": 571, "fields": {"entry": 448, "item": 5, "quantity": "1174", "total": "0"}}, {"model": "main.entryitem", "pk": 572, "fields": {"entry": 448, "item": 7, "quantity": "2", "total": "400"}}, {"model": "main.entryitem", "pk": 573, "fields": {"entry": 449, "item": 5, "quantity": "1405", "total": "200"}}, {"model": "main.entryitem", "pk": 574, "fields": {"entry": 401, "item": 1, "quantity": "2", "total": "0.00"}}, {"model": "main.invoice", "pk": 3, "fields": {"f_date": "2025-03-01", "t_date": "2025-03-31", "total": "2400.0", "paid": "2400.0", "party": 83}}, {"model": "main.invoiceitem", "pk": 5, "fields": {"entry": 71, "invoice": 3}}, {"model": "main.invoiceitem", "pk": 6, "fields": {"entry": 72, "invoice": 3}}, {"model": "main.invoiceitem", "pk": 7, "fields": {"entry": 70, "invoice": 3}}, {"model": "main.payment", "pk": 1, "fields": {"date": "2025-04-11", "amount": "2400.0", "party": 83}}]
